,SG_UF,CD_MUNICIPIO,NM_MUNICIPIO,QT_APTOS,QT_COMPARECIMENTO,QT_ABSTENCAO,VOTOS_BRANCOS,VOTOS_NULOS,PCT_ABSTENCAO,PCT_BRANCOS,PCT_NULOS
0,PB,19003,RIACHÃO DO POÇO,8736,7450,1286,818,1368,14.72069597069597,10.979865771812081,18.36241610738255
1,PB,19011,ÁGUA BRANCA,15706,12365,3341,1618,2005,21.27212530243219,13.085321471896483,16.215123331985442
2,PB,19020,SOBRADO,14496,12052,2444,1686,1842,16.8598233995585,13.989379356123466,15.283770328576171
3,PB,19038,AGUIAR,9632,7613,2019,381,803,20.961378737541526,5.004597399185603,10.547747274399054
4,PB,19046,SÃO JOSÉ DOS RAMOS,11088,8997,2091,1243,1479,18.858225108225106,13.815716349894409,16.43881293764588
5,PB,19054,ALAGOA GRANDE,44250,34776,9474,6287,7564,21.410169491525423,18.078559926386014,21.750632620197837
6,PB,19062,CAPIM,13030,10412,2618,1707,1819,20.092095165003837,16.39454475605071,17.470226661544373
7,PB,19070,ALAGOA NOVA,32018,25903,6115,3439,5806,19.098632019489038,13.276454464733813,22.4143921553488
8,PB,19089,CUITÉ DE MAMANGUAPE,14160,11099,3061,1405,2052,21.61723163841808,12.658798089918012,18.488152085773493
9,PB,19097,ALAGOINHA,23180,18752,4428,3632,3526,19.10267471958585,19.368600682593858,18.803327645051194
10,PB,19100,CURRAL DE CIMA,11476,9194,2282,1027,1663,19.88497734402231,11.170328475092452,18.08788340221884
11,PB,19119,ALHANDRA,37546,31517,6029,4514,6473,16.0576359665477,14.322429165212425,20.538122283212235
12,PB,19127,RIACHÃO DO BACAMARTE,8956,7512,1444,1117,1811,16.123269316659222,14.86954206602769,24.108093716719914
13,PB,19135,SÃO JOÃO DO RIO DO PEIXE,27854,23417,4437,4594,4824,15.92948948086451,19.618226075073665,20.60041849938079
14,PB,19143,MATINHAS,9016,7239,1777,1094,1660,19.709405501330966,15.112584611134134,22.931344108302252
15,PB,19151,ARAÇAGI,27932,22416,5516,3173,4045,19.747959329800945,14.155067808708067,18.045146324054247
16,PB,19160,LOGRADOURO,8002,6692,1310,551,1207,16.370907273181704,8.233711894799761,18.03646144650329
17,PB,19178,ARARA,17820,13782,4038,1876,2701,22.65993265993266,13.61195762588884,19.598026411261067
18,PB,19186,SERTÃOZINHO,8700,7145,1555,1214,1265,17.873563218390803,16.990902729181244,17.704688593421974
19,PB,19194,ARARUNA,27362,21059,6303,2362,3772,23.035596813098458,11.216107127593903,17.911581746521676
20,PB,19208,RIACHÃO,6408,5066,1342,498,677,20.942571785268417,9.830240821160679,13.363600473746546
21,PB,19216,AREIA,36924,29855,7069,7162,5843,19.144729715090456,23.989281527382346,19.57126109529392
22,PB,19224,SÃO DOMINGOS DO CARIRI,6078,4846,1232,448,526,20.269825600526488,9.244737928188195,10.854312835328106
23,PB,19232,AREIAL,12146,10025,2121,1730,2152,17.46253910752511,17.256857855361595,21.46633416458853
24,PB,19240,CARAÚBAS,8324,7191,1133,592,962,13.611244593945218,8.232512863301348,13.377833402864692
25,PB,19259,AROEIRAS,31384,25926,5458,5155,5659,17.39102727504461,19.88351461852966,21.827509064259818
26,PB,19267,SANTO ANDRÉ,5892,4740,1152,510,842,19.551934826883908,10.759493670886076,17.763713080168777
27,PB,19275,DAMIÃO,9110,7128,1982,422,1072,21.7563117453348,5.920314253647587,15.039281705948374
28,PB,19283,SOSSÊGO,6664,5561,1103,485,800,16.551620648259306,8.721452976083437,14.385901816220104
29,PB,19291,BAÍA DA TRAIÇÃO,14728,12271,2457,1509,1736,16.682509505703422,12.297286284736371,14.147176269252709
30,PB,19305,BARAÚNA,8948,7272,1676,1019,1251,18.73044255699598,14.012651265126513,17.2029702970297
31,PB,19313,BANANEIRAS,36202,28980,7222,5122,5433,19.949174078780178,17.674258109040718,18.747412008281575
32,PB,19321,ASSUNÇÃO,8286,6562,1724,493,1040,20.80617909727251,7.512953367875648,15.848826577263027
33,PB,19330,BARRA DE SANTA ROSA,21364,17480,3884,1199,2606,18.1801160831305,6.859267734553775,14.90846681922197
34,PB,19348,ZABELÊ,4776,3822,954,362,563,19.974874371859297,9.47148090005233,14.730507587650447
35,PB,19356,BARRA DE SÃO MIGUEL,11358,9865,1493,1058,1360,13.144919880260609,10.72478459199189,13.786112519006588
36,PB,19364,CACIMBAS,12558,9287,3271,1118,1434,26.04714126453257,12.038333153871003,15.440938946915042
37,PB,19372,BAYEUX,146582,125990,20592,21765,25984,14.048109590536356,17.2751805698865,20.623859036431462
38,PB,19380,CAJAZEIRINHAS,7726,6143,1583,367,824,20.48925705410303,5.9742796679147,13.413641543219926
39,PB,19399,BELÉM,26194,20881,5313,3587,4368,20.283270978086584,17.17829605861788,20.918538384177
40,PB,19402,SÃO BENTINHO,7608,6022,1586,486,727,20.846477392218716,8.070408502158752,12.072401195616074
41,PB,19410,BELÉM DO BREJO DO CRUZ,12644,9990,2654,1161,1194,20.99019297690604,11.621621621621623,11.951951951951951
42,PB,19429,SÃO DOMINGOS,6426,5169,1257,266,664,19.561157796451916,5.146063068291739,12.845811568968854
43,PB,19437,BOA VENTURA,10662,8058,2604,484,1217,24.42318514350028,6.006453214197071,15.103003226607099
44,PB,19445,SÃO JOSÉ DE PRINCESA,6428,5267,1161,438,971,18.061605476042313,8.315929371558763,18.43554205430036
45,PB,19453,BOM JESUS,6102,5046,1056,443,730,17.305801376597838,8.779231074118114,14.466904478795083
46,PB,19461,MARIZÓPOLIS,12212,10326,1886,1629,1697,15.443825745168688,15.77571179546775,16.434243656788688
47,PB,19470,BOM SUCESSO,9056,7538,1518,454,719,16.762367491166078,6.022817723534094,9.53833908198461
48,PB,19488,MATO GROSSO,6482,4666,1816,259,640,28.016044430731256,5.550792970424347,13.716245177882556
49,PB,19496,BONITO DE SANTA FÉ,15156,12047,3109,901,1722,20.51332805489575,7.479040425002076,14.294015107495643
50,PB,19500,BERNARDINO BATISTA,6332,4882,1450,208,630,22.89955780164245,4.260548955346169,12.904547316673495
51,PB,19518,BOQUEIRÃO,30086,24904,5182,3286,4379,17.223957987103635,13.19466752328943,17.583520719563122
52,PB,19526,POÇO DE JOSÉ DE MOURA,7832,6424,1408,488,1096,17.97752808988764,7.596513075965131,17.06102117061021
53,PB,19534,IGARACY,11510,8522,2988,416,1123,25.960034752389227,4.8814832199014315,13.17765782680122
54,PB,19542,SÃO JOSÉ DO BREJO DO CRUZ,4400,3729,671,209,373,15.25,5.604719764011799,10.002681684097613
55,PB,19550,BORBOREMA,9098,7150,1948,922,1143,21.411299186634423,12.895104895104895,15.986013986013987
56,PB,19569,SANTA INÊS,7636,6017,1619,401,976,21.202200104766895,6.664450722951637,16.22070799401695
57,PB,19577,BREJO DO CRUZ,20604,16721,3883,1365,2329,18.845855173752668,8.163387357215477,13.92859278751271
58,PB,19585,AMPARO,5174,4212,962,505,530,18.592964824120603,11.989553656220323,12.583095916429249
59,PB,19593,BREJO DOS SANTOS,11628,9730,1898,1155,1068,16.32266941864465,11.870503597122301,10.976361767728674
60,PB,19607,CASSERENGUE,12028,9359,2669,1295,1486,22.189890256069173,13.836948391922213,15.877764718452825
61,PB,19615,CAAPORÃ,32692,27560,5132,6808,6235,15.698030099106816,24.702467343976778,22.6233671988389
62,PB,19623,GADO BRAVO,15012,12420,2592,2718,2797,17.26618705035971,21.884057971014492,22.52012882447665
63,PB,19631,CABACEIRAS,9764,8435,1329,923,1135,13.611224907824662,10.94250148192057,13.455838767042087
64,PB,19640,POÇO DANTAS,8124,6208,1916,532,800,23.58444116198917,8.56958762886598,12.886597938144329
65,PB,19658,CABEDELO,102082,82128,19954,13721,13099,19.547030818361712,16.70684784726281,15.949493473602184
66,PB,19666,JOCA CLAUDINO,5114,3986,1128,277,635,22.05709816190849,6.949322629202208,15.930757651781235
67,PB,19674,CACHOEIRA DOS ÍNDIOS,15488,12386,3102,1811,2609,20.02840909090909,14.621346681737446,21.064104634264492
68,PB,19682,TENÓRIO,5780,4842,938,396,662,16.228373702422143,8.178438661710038,13.672036348616274
69,PB,19690,CACIMBA DE AREIA,7904,6441,1463,794,1041,18.509615384615387,12.327278372923459,16.16208663251048
70,PB,19704,COXIXOLA,3802,3220,582,371,404,15.307732772225144,11.521739130434783,12.546583850931677
71,PB,19712,CACIMBA DE DENTRO,27714,21509,6205,1939,3820,22.389406076351303,9.014831000976335,17.760007438746573
72,PB,19720,PARARI,4326,3604,722,253,492,16.689782709200184,7.019977802441732,13.65149833518313
73,PB,19739,CAIÇARA,12506,9811,2695,1139,1963,21.54965616504078,11.609418000203853,20.008154112730608
74,PB,19747,PEDRO RÉGIS,10870,8137,2733,837,1509,25.14259429622815,10.286346319282291,18.54491827454836
75,PB,19755,CAJAZEIRAS,91824,76405,15419,12589,12111,16.7919062554452,16.47667037497546,15.851056868006019
76,PB,19763,ALCANTIL,9334,8166,1168,1032,1431,12.51339190057853,12.637766348273328,17.523879500367375
77,PB,19771,CALDAS BRANDÃO,10564,8811,1753,1273,1477,16.594093146535403,14.447849279309954,16.76313698785609
78,PB,19780,BARRA DE SANTANA,14856,12343,2513,1980,2741,16.915724286483574,16.0414810013773,22.206918901401604
79,PB,19798,CAMALAÚ,11970,9974,1996,1097,1486,16.6750208855472,10.99859635051133,14.898736715460196
80,PB,19801,CATURITÉ,9888,8552,1336,1031,1368,13.511326860841425,12.055659494855005,15.99625818521983
81,PB,19810,CAMPINA GRANDE,592988,514453,78535,81134,124678,13.243944228213724,15.770925623915112,24.235061317554763
82,PB,19828,RIACHO DE SANTO ANTÔNIO,4808,4135,673,260,433,13.997504159733776,6.287787182587666,10.471584038694076
83,PB,19836,CARRAPATEIRA,4604,3492,1112,124,437,24.152910512597742,3.5509736540664374,12.514318442153494
84,PB,19844,APARECIDA,13716,11561,2155,2026,1502,15.711577719451736,17.524435602456535,12.991955713173601
85,PB,19852,CATINGUEIRA,10628,8007,2621,931,999,24.66127211140384,11.627326089671538,12.476582989883852
86,PB,19860,SÃO FRANCISCO,8014,6918,1096,729,868,13.67606688295483,10.537727666955767,12.546978895634576
87,PB,19879,CATOLÉ DO ROCHA,42748,35908,6840,5246,5037,16.000748573032656,14.60955775871672,14.027514759942076
88,PB,19887,VIEIRÓPOLIS,10028,8137,1891,976,1278,18.857199840446746,11.994592601695956,15.706034164925647
89,PB,19895,CONCEIÇÃO,29004,23101,5903,2751,3754,20.352365191008136,11.908575386346913,16.250378771481756
90,PB,19909,AREIA DE BARAÚNAS,4312,3516,796,315,509,18.460111317254174,8.959044368600683,14.476678043230946
91,PB,19917,CONDADO,11096,8992,2104,698,1521,18.96178803172314,7.762455516014236,16.915035587188612
92,PB,19925,ALGODÃO DE JANDAÍRA,5986,4865,1121,618,812,18.727029736050785,12.702980472764647,16.69064748201439
93,PB,19933,CONDE,45302,37976,7326,6556,7295,16.171471458213766,17.26353486412471,19.20950073730777
94,PB,19941,BOA VISTA,11848,10450,1398,1592,2305,11.799459824442945,15.23444976076555,22.057416267942585
95,PB,19950,CONGO,10202,8756,1446,754,1280,14.173691433052344,8.611238008222932,14.618547281863863
96,PB,19968,MARCAÇÃO,13914,11682,2232,1919,1708,16.041397153945667,16.42698168121897,14.620784112309536
97,PB,19976,COREMAS,24370,18909,5461,1536,2327,22.408699220352894,8.123115976519118,12.306309164947908
98,PB,19984,MATURÉIA,11020,8682,2338,1610,1800,21.21597096188748,18.544114259387236,20.73255010366275
99,PB,19992,CRUZ DO ESPÍRITO SANTO,31826,27138,4688,6638,5216,14.730094890969648,24.46016655612057,19.220281524062198
100,PB,20001,SANTA CECÍLIA,13286,11709,1577,1488,1450,11.869637212102965,12.708173200102484,12.383636518917072
101,PB,20010,CUBATI,12996,10728,2268,1572,2289,17.451523545706372,14.65324384787472,21.33668903803132
102,PB,20036,CUITÉ,33918,27247,6671,2960,4961,19.668022878707472,10.86358131170404,18.207509083568834
103,PB,20052,CUITEGI,11610,9156,2454,2041,1735,21.136950904392766,22.29139362166885,18.949322848405416
104,PB,20079,CURRAL VELHO,4712,3671,1041,137,397,22.09252971137521,3.731953146281667,10.814491964042496
105,PB,20095,DESTERRO,14776,11705,3071,1115,1542,20.78370330265295,9.525843656557027,13.17385732592909
106,PB,20117,VISTA SERRANA,6514,4969,1545,306,586,23.718145532698802,6.158180720466895,11.793117327430066
107,PB,20133,DIAMANTE,11264,8367,2897,617,1366,25.719105113636363,7.374208198876539,16.326042787139954
108,PB,20150,DONA INÊS,18130,14353,3777,1220,2567,20.832873690016548,8.499965164077196,17.884762767365707
109,PB,20176,DUAS ESTRADAS,7128,5808,1320,522,905,18.51851851851852,8.987603305785125,15.581955922865015
110,PB,20192,EMAS,6702,5228,1474,367,659,21.993434795583408,7.019892884468248,12.60520275439939
111,PB,20214,ESPERANÇA,49906,41118,8788,8968,10262,17.609105117621127,21.810399338489226,24.957439564181136
112,PB,20230,FAGUNDES,20136,16087,4049,2211,3527,20.108263806118394,13.744016908062411,21.92453533909368
113,PB,20257,FREI MARTINHO,5640,4705,935,333,688,16.578014184397162,7.077577045696068,14.622741764080766
114,PB,20273,GUARABIRA,85326,71467,13859,14261,12937,16.242411457234606,19.95466439055788,18.10206109113297
115,PB,20290,GURINHÉM,22494,18374,4120,3756,3928,18.315995376544855,20.441928812452378,21.378034178730815
116,PB,20311,GURJÃO,6242,5269,973,480,880,15.587952579301506,9.109888024293035,16.701461377870565
117,PB,20338,IBIARA,11044,8477,2567,837,1359,23.2433900760594,9.873776100035391,16.031614958121978
118,PB,20354,IMACULADA,17614,13312,4302,1576,2311,24.42375383217895,11.838942307692307,17.360276442307693
119,PB,20370,INGÁ,29642,23978,5664,3438,4370,19.108022400647727,14.338143298023187,18.225039619651348
120,PB,20397,ITABAIANA,37970,31693,6277,6062,6631,16.531472214906508,19.127252074590604,20.922601205313477
121,PB,20419,ITAPORANGA,34286,26911,7375,3204,3855,21.51023741468821,11.905912080561851,14.324997213035562
122,PB,20435,ITAPOROROCA,26412,21904,4508,2657,3337,17.067999394214752,12.130204528853177,15.234660336011688
123,PB,20451,ITATUBA,16912,13975,2937,1905,2608,17.366367076631978,13.631484794275492,18.661896243291594
124,PB,20478,JACARAÚ,27628,21309,6319,2546,3491,22.871724337628493,11.948003191139895,16.382749073161577
125,PB,20494,JERICÓ,13786,10970,2816,1464,1160,20.426519657623675,13.345487693710117,10.5742935278031
126,PB,20516,JOÃO PESSOA,1118410,955532,162878,129052,160379,14.56335333196234,13.505774793518166,16.7842625887987
127,PB,20532,JUAREZ TÁVORA,14810,12336,2474,1844,2166,16.704929101958136,14.948119325551232,17.558365758754864
128,PB,20559,JUAZEIRINHO,26586,21418,5168,3384,4271,19.438802377191003,15.799794565318892,19.941170977682322
129,PB,20575,JUNCO DO SERIDÓ,11366,9403,1963,1162,1586,17.270807672004224,12.357758162288631,16.866957354035947
130,PB,20591,JURIPIRANGA,19490,16402,3088,2083,2915,15.844022575679837,12.699670771857091,17.772222899646383
131,PB,20613,JURU,15464,12087,3377,1233,2408,21.83781686497672,10.201042442293373,19.922230495573757
132,PB,20630,LAGOA,9558,7369,2189,584,1006,22.90228081188533,7.925091599945719,13.651784502646223
133,PB,20656,LAGOA DE DENTRO,14460,11227,3233,1341,1786,22.3582295988935,11.944419702502895,15.908078738754789
134,PB,20672,LAGOA SECA,41286,35397,5889,7171,8506,14.263915128615027,20.258778992569994,24.03028505240557
135,PB,20699,LASTRO,8486,6988,1498,798,789,17.652604289417866,11.419576416714367,11.290784201488266
136,PB,20710,LIVRAMENTO,11680,9210,2470,1284,1766,21.147260273972606,13.941368078175895,19.174809989142236
137,PB,20737,LUCENA,24852,19942,4910,2974,3293,19.75696121036536,14.913248420419215,16.51288737338281
138,PB,20753,MÃE D'ÁGUA,7544,6170,1374,425,742,18.213149522799576,6.888168557536467,12.025931928687196
139,PB,20770,MALTA,10362,8219,2143,1036,1182,20.681335649488517,12.604939773695097,14.38131159508456
140,PB,20796,MAMANGUAPE,65180,53830,11350,8897,9338,17.41331696839521,16.527958387516257,17.347204161248374
141,PB,20818,MANAÍRA,17324,13646,3678,1139,2602,21.23066266451166,8.346768283746153,19.067858713176022
142,PB,20834,MARI,34324,29232,5092,4076,5411,14.835100804102087,13.943623426382047,18.510536398467433
143,PB,20850,MASSARANDUBA,23440,19545,3895,3824,4795,16.616894197952217,19.565106165259657,24.533128677411103
144,PB,20877,MATARACA,16982,13015,3967,2194,2627,23.360028265222,16.85747214752209,20.18440261237034
145,PB,20893,MOGEIRO,21358,17585,3773,2440,3460,17.665511752036707,13.875462041512653,19.67586010804663
146,PB,20915,MONTADAS,9726,8307,1419,1363,1723,14.589759407772979,16.407848802215,20.741543276754545
147,PB,20931,MONTE HOREBE,7988,6099,1889,393,940,23.647971957936907,6.443679291687161,15.412362682406952
148,PB,20958,MONTEIRO,51582,42518,9064,6729,7507,17.572021247722073,15.826238299073333,17.656051554635685
149,PB,20974,MULUNGU,17814,14921,2893,1846,2347,16.240035926799145,12.3718249447088,15.729508746062596
150,PB,20990,NATUBA,13182,10779,2403,1493,2517,18.22940373236231,13.851006586881901,23.350960200389647
151,PB,21016,NAZAREZINHO,13680,11472,2208,1021,1515,16.140350877192983,8.899930264993026,13.206066945606695
152,PB,21032,NOVA FLORESTA,16000,12715,3285,1555,3222,20.53125,12.229650019661817,25.34014942980731
153,PB,21059,NOVA OLINDA,11106,7894,3212,894,1325,28.921303799747882,11.325057005320497,16.784899923992906
154,PB,21075,NOVA PALMEIRA,6764,5913,851,721,1005,12.581312832643407,12.193472010823609,16.996448503297817
155,PB,21091,OLHO D'ÁGUA,13998,10786,3212,987,1572,22.946135162166023,9.150750973484147,14.574448358983869
156,PB,21113,OLIVEDOS,7898,6573,1325,814,1248,16.776399088376802,12.383995131598965,18.986764034687358
157,PB,21130,OURO VELHO,5818,4988,830,361,667,14.266070814712961,7.237369687249398,13.372093023255813
158,PB,21156,PASSAGEM,5304,4160,1144,295,500,21.568627450980394,7.091346153846153,12.01923076923077
159,PB,21172,PATOS,133960,110646,23314,18690,19803,17.403702597790385,16.89170869258717,17.89761943495472
160,PB,21199,PAULISTA,19820,16298,3522,1434,2126,17.769929364278507,8.798625598232912,13.044545342986869
161,PB,21210,PEDRA BRANCA,7884,5998,1886,522,740,23.921867072552004,8.702900966988997,12.337445815271757
162,PB,21237,PEDRA LAVRADA,11902,10140,1762,1157,1879,14.804234582423122,11.41025641025641,18.530571992110453
163,PB,21253,PEDRAS DE FOGO,47432,39119,8313,7184,6628,17.526142688480352,18.36447761957105,16.943173394002915
164,PB,21270,PIANCÓ,25430,20221,5209,2221,3223,20.483680692095948,10.983630878789377,15.93887542653677
165,PB,21296,PICUÍ,29576,24750,4826,2684,4185,16.317284284555043,10.844444444444443,16.90909090909091
166,PB,21318,PILAR,19778,16793,2985,2640,3236,15.092527050257862,15.72083606264515,19.269933901030193
167,PB,21334,PILÕES,13886,10884,3002,2166,2017,21.61889673051995,19.90077177508269,18.531789783167955
168,PB,21350,PILÕEZINHOS,10528,8616,1912,1624,1749,18.161094224924014,18.848653667595173,20.299442896935933
169,PB,21377,PIRPIRITUBA,15402,12488,2914,2411,2538,18.919620828463835,19.306534272901985,20.32351057014734
170,PB,21393,PITIMBU,24086,19776,4310,2952,3172,17.894212405546792,14.927184466019416,16.039644012944983
171,PB,21415,POCINHOS,28110,23378,4732,3716,5258,16.833866951262895,15.895286166481307,22.491231071947983
172,PB,21431,POMBAL,50328,40469,9859,3340,5314,19.589492926402798,8.253230868071858,13.131038572734685
173,PB,21458,PRATA,8074,6654,1420,806,1033,17.58731731483775,12.113014727983169,15.524496543432523
174,PB,21474,PRINCESA ISABEL,32274,25525,6749,3527,4391,20.91156968457582,13.817825661116553,17.202742409402546
175,PB,21490,PUXINANÃ,24032,20786,3246,3696,4727,13.50699067909454,17.78119888386414,22.741268161262386
176,PB,21512,QUEIMADAS,69490,58611,10879,12355,14097,15.655489998560945,21.07966081452287,24.05179915033014
177,PB,21539,QUIXABA,4576,3890,686,467,650,14.991258741258742,12.005141388174808,16.709511568123396
178,PB,21555,REMÍGIO,28414,22866,5548,2902,3904,19.525585978742875,12.691332108807837,17.073384063675327
179,PB,21571,RIACHO DOS CAVALOS,15274,13018,2256,2055,1789,14.770197721618436,15.785834997695499,13.742510370256566
180,PB,21598,RIO TINTO,36402,31517,4885,4547,5513,13.419592330091753,14.427134562299711,17.492147095218456
181,PB,21610,SALGADINHO,6566,4986,1580,464,717,24.063356685957967,9.306056959486563,14.380264741275573
182,PB,21636,SALGADO DE SÃO FÉLIX,19360,15650,3710,1873,2874,19.163223140495866,11.968051118210862,18.364217252396166
183,PB,21652,SANTA CRUZ,11178,9292,1886,963,1019,16.872427983539097,10.363753766681016,10.966422729229444
184,PB,21679,SANTA HELENA,11178,9324,1854,1037,1532,16.586151368760063,11.121836121836122,16.43071643071643
185,PB,21695,SANTA LUZIA,23638,19949,3689,3928,3711,15.60622726118961,19.69021003559076,18.60243621234147
186,PB,21717,SANTANA DE MANGUEIRA,8926,6993,1933,570,1118,21.655836881021735,8.151008151008151,15.987415987415988
187,PB,21733,SANTANA DOS GARROTES,12564,9479,3085,1017,1674,24.554282075772047,10.728979850195168,17.660090726869925
188,PB,21750,SANTA RITA,196788,165962,30826,34030,39412,15.664573043071734,20.50469384557911,23.747604873404754
189,PB,21776,SANTA TERESINHA,11136,9237,1899,1466,1423,17.052801724137932,15.870953772869981,15.405434664934504
190,PB,21792,SÃO BENTO,54092,44617,9475,3996,5466,17.516453449678327,8.956227446937266,12.250935741981756
191,PB,21814,SÃO JOÃO DO CARIRI,8422,6975,1447,626,859,17.18119211588696,8.974910394265233,12.315412186379929
192,PB,21830,SÃO JOÃO DO TIGRE,7748,6470,1278,564,1126,16.4945792462571,8.717156105100464,17.40340030911901
193,PB,21857,SÃO JOSÉ DA LAGOA TAPADA,13206,10939,2267,1749,1820,17.166439497198244,15.988664411737819,16.63771825578206
194,PB,21873,SÃO JOSÉ DE CAIANA,10680,7900,2780,697,1105,26.02996254681648,8.822784810126583,13.987341772151899
195,PB,21890,SÃO JOSÉ DE ESPINHARAS,8680,7056,1624,720,1035,18.70967741935484,10.204081632653061,14.668367346938776
196,PB,21911,SÃO JOSÉ DE PIRANHAS,30276,24492,5784,3193,4046,19.104240982956796,13.036910011432305,16.519679895476074
197,PB,21938,SÃO JOSÉ DO BONFIM,8082,6714,1368,820,1018,16.926503340757236,12.213285671730711,15.162347333929102
198,PB,21954,SÃO JOSÉ DO SABUGI,8148,7305,843,353,932,10.346097201767304,4.832306639288158,12.75838466803559
199,PB,21970,SÃO JOSÉ DOS CORDEIROS,6928,5578,1350,693,810,19.486143187066972,12.423807816421656,14.521333811401938
200,PB,21997,SÃO MAMEDE,14038,11183,2855,1719,1747,20.337654936600654,15.371546096754003,15.621926137887865
201,PB,22012,SÃO MIGUEL DE TAIPU,12180,10294,1886,1512,1677,15.48440065681445,14.688167864775597,16.291043326209444
202,PB,22039,SÃO SEBASTIÃO DE LAGOA DE ROÇA,17558,14144,3414,2512,3608,19.44412803280556,17.760180995475114,25.509049773755656
203,PB,22055,SÃO SEBASTIÃO DO UMBUZEIRO,6270,5143,1127,651,831,17.974481658692184,12.657981722729925,16.157884503208244
204,PB,22071,SAPÉ,72286,60492,11794,10666,11513,16.31574578756606,17.632083581300005,19.032268729749386
205,PB,22098,SÃO VICENTE DO SERIDÓ,17912,14232,3680,2239,2572,20.54488610987048,15.732152894884766,18.07195053400787
206,PB,22110,SERRA BRANCA,20864,16955,3909,2255,2888,18.735621165644172,13.299911530521971,17.03332350339133
207,PB,22136,SERRA DA RAIZ,6072,4862,1210,546,772,19.92753623188406,11.229946524064172,15.878239407651174
208,PB,22152,SERRA GRANDE,6408,4897,1511,385,528,23.579900124843945,7.861956299775373,10.782111496834796
209,PB,22179,SERRA REDONDA,12356,10395,1961,1193,1982,15.87083198446099,11.476671476671477,19.066859066859067
210,PB,22195,SERRARIA,8778,6750,2028,957,1279,23.103212576896787,14.177777777777777,18.948148148148146
211,PB,22217,SOLÂNEA,42790,34156,8634,5219,6111,20.17761159149334,15.279892259046726,17.89143927860405
212,PB,22233,SOLEDADE,22354,18524,3830,3305,4257,17.133398944260534,17.84171885122004,22.980997624703086
213,PB,22250,SOUSA,93324,79272,14052,14511,11061,15.057220007715058,18.305328489252197,13.95322434150772
214,PB,22276,SUMÉ,27104,22197,4907,2750,3627,18.104338842975206,12.38906158489886,16.340045952155695
215,PB,22292,TACIMA,14952,12027,2925,1821,1840,19.562600321027286,15.140932900972812,15.298910784069179
216,PB,22314,TAPEROÁ,22062,16981,5081,2529,3648,23.030550267428158,14.893115835345386,21.482833755373655
217,PB,22330,TAVARES,23110,17345,5765,2580,3325,24.94591086109909,14.874603632170654,19.169789564716055
218,PB,22357,TEIXEIRA,23396,18988,4408,3536,3377,18.840827491878954,18.622287760690963,17.784916789551293
219,PB,22373,TRIUNFO,14840,11782,3058,1219,1874,20.60646900269542,10.34629095230012,15.905618740451535
220,PB,22390,UIRAÚNA,24012,19974,4038,1367,2534,16.816591704147925,6.843897066186042,12.686492440172223
221,PB,22411,UMBUZEIRO,13658,11137,2521,2144,2611,18.458046566115097,19.25114483254018,23.444374607165305
222,PB,22438,VÁRZEA,5150,4451,699,514,639,13.572815533980581,11.547966749045159,14.35632442147832
