,Unnamed: 0,SG_UF,CD_MUNICIPIO,NM_MUNICIPIO,QT_APTOS,QT_COMPARECIMENTO,QT_ABSTENCAO,VOTOS_BRANCOS,VOTOS_NULOS,PCT_ABSTENCAO,PCT_BRANCOS,PCT_NULOS,ANALFABETO,ENSINO FUNDAMENTAL COMPLETO,ENSINO FUNDAMENTAL INCOMPLETO,ENSINO MÉDIO COMPLETO,ENSINO MÉDIO INCOMPLETO,LÊ E ESCREVE,SUPERIOR COMPLETO,SUPERIOR INCOMPLETO,100 anos ou mais              ,16 anos                       ,17 anos                       ,18 anos                       ,19 anos                       ,20 anos                       ,21 a 24 anos                  ,25 a 29 anos                  ,30 a 34 anos                  ,35 a 39 anos                  ,40 a 44 anos                  ,45 a 49 anos                  ,50 a 54 anos                  ,55 a 59 anos                  ,60 a 64 anos                  ,65 a 69 anos                  ,70 a 74 anos                  ,75 a 79 anos                  ,80 a 84 anos                  ,85 a 89 anos                  ,90 a 94 anos                  ,95 a 99 anos                  ,Inválido                      ,FEMININO,MASCULINO,codigo_ibge,municipio,pib_mil_reais
0,0,PB,19003,RIACHÃO DO POÇO,8736,7450,1286,818,1368,14.72069597069597,10.97986577181208,18.36241610738255,451.0,255.0,1364.0,807.0,587.0,660.0,158.0,86.0,0.0,33.0,55.0,71.0,91.0,87.0,363.0,479.0,409.0,494.0,475.0,416.0,353.0,288.0,211.0,194.0,174.0,97.0,60.0,14.0,4.0,0.0,0.0,2242.0,2126.0,2512762,Riachão do Poço - PB,73546
1,1,PB,19011,ÁGUA BRANCA,15706,12365,3341,1618,2005,21.27212530243219,13.085321471896483,16.215123331985442,515.0,401.0,2441.0,1413.0,1263.0,1218.0,392.0,210.0,1.0,71.0,112.0,157.0,172.0,165.0,812.0,908.0,779.0,783.0,748.0,638.0,529.0,547.0,400.0,345.0,255.0,222.0,137.0,55.0,11.0,6.0,0.0,4014.0,3839.0,2500106,Água Branca - PB,107368
2,2,PB,19020,SOBRADO,14496,12052,2444,1686,1842,16.8598233995585,13.989379356123466,15.283770328576171,865.0,404.0,1756.0,1279.0,977.0,1544.0,249.0,174.0,0.0,45.0,79.0,124.0,127.0,154.0,582.0,793.0,799.0,738.0,729.0,655.0,610.0,521.0,403.0,329.0,257.0,162.0,96.0,33.0,12.0,0.0,0.0,3698.0,3550.0,2515971,Sobrado - PB,135262
3,3,PB,19038,AGUIAR,9632,7613,2019,381,803,20.961378737541526,5.004597399185603,10.547747274399054,341.0,226.0,1323.0,776.0,676.0,1193.0,203.0,78.0,2.0,61.0,70.0,77.0,86.0,101.0,390.0,466.0,413.0,462.0,520.0,404.0,350.0,330.0,307.0,236.0,203.0,143.0,106.0,67.0,18.0,4.0,0.0,2479.0,2337.0,2500205,Aguiar - PB,68585
4,4,PB,19046,SÃO JOSÉ DOS RAMOS,11088,8997,2091,1243,1479,18.858225108225103,13.815716349894409,16.43881293764588,669.0,184.0,1637.0,940.0,724.0,1143.0,169.0,78.0,1.0,56.0,64.0,85.0,121.0,134.0,544.0,661.0,634.0,582.0,571.0,462.0,408.0,336.0,253.0,220.0,170.0,111.0,80.0,34.0,14.0,3.0,0.0,2797.0,2747.0,2514453,São José dos Ramos - PB,78200
5,5,PB,19054,ALAGOA GRANDE,44250,34776,9474,6287,7564,21.410169491525423,18.078559926386014,21.75063262019784,2801.0,696.0,5959.0,3737.0,2773.0,4174.0,1139.0,846.0,5.0,134.0,217.0,303.0,381.0,438.0,1947.0,2393.0,2177.0,2222.0,2087.0,1852.0,1719.0,1596.0,1358.0,1066.0,885.0,651.0,417.0,210.0,56.0,11.0,0.0,11564.0,10561.0,2500304,Alagoa Grande - PB,367232
6,6,PB,19062,CAPIM,13030,10412,2618,1707,1819,20.09209516500384,16.39454475605071,17.470226661544373,1409.0,219.0,1520.0,809.0,1102.0,1128.0,204.0,124.0,1.0,42.0,62.0,125.0,151.0,152.0,669.0,841.0,704.0,714.0,754.0,569.0,465.0,363.0,270.0,237.0,188.0,122.0,52.0,24.0,9.0,1.0,0.0,3213.0,3302.0,2504033,Capim - PB,101592
7,7,PB,19070,ALAGOA NOVA,32018,25903,6115,3439,5806,19.09863201948904,13.276454464733812,22.4143921553488,1591.0,790.0,4619.0,2075.0,2144.0,3729.0,625.0,436.0,6.0,118.0,201.0,286.0,341.0,318.0,1388.0,1649.0,1645.0,1626.0,1569.0,1303.0,1195.0,1104.0,892.0,689.0,608.0,443.0,332.0,184.0,95.0,17.0,0.0,8336.0,7673.0,2500403,Alagoa Nova - PB,376825
8,8,PB,19089,CUITÉ DE MAMANGUAPE,14160,11099,3061,1405,2052,21.61723163841808,12.658798089918012,18.488152085773493,1373.0,254.0,1625.0,1005.0,989.0,1483.0,206.0,145.0,1.0,58.0,47.0,87.0,112.0,140.0,647.0,904.0,814.0,782.0,688.0,573.0,511.0,500.0,365.0,345.0,239.0,131.0,81.0,44.0,7.0,4.0,0.0,3476.0,3604.0,2505238,Cuité de Mamanguape - PB,85105
9,9,PB,19097,ALAGOINHA,23180,18752,4428,3632,3526,19.10267471958585,19.368600682593858,18.803327645051198,1513.0,445.0,2775.0,2077.0,1668.0,2217.0,591.0,304.0,6.0,91.0,159.0,187.0,221.0,245.0,993.0,1293.0,1216.0,1212.0,1174.0,1058.0,899.0,753.0,536.0,488.0,378.0,303.0,201.0,110.0,49.0,18.0,0.0,6014.0,5576.0,2500502,Alagoinha - PB,166686
10,10,PB,19100,CURRAL DE CIMA,11476,9194,2282,1027,1663,19.88497734402231,11.170328475092452,18.08788340221884,754.0,219.0,1542.0,718.0,879.0,1366.0,173.0,87.0,1.0,51.0,60.0,97.0,118.0,139.0,543.0,649.0,599.0,558.0,583.0,496.0,451.0,350.0,281.0,234.0,237.0,128.0,89.0,54.0,17.0,2.0,1.0,2832.0,2906.0,2505279,Curral de Cima - PB,74436
11,11,PB,19119,ALHANDRA,37546,31517,6029,4514,6473,16.0576359665477,14.322429165212425,20.538122283212235,1483.0,472.0,4536.0,3938.0,3231.0,3882.0,749.0,482.0,0.0,124.0,200.0,298.0,374.0,433.0,1807.0,2212.0,2023.0,2082.0,2104.0,1810.0,1505.0,1246.0,925.0,642.0,498.0,304.0,129.0,44.0,12.0,1.0,0.0,9781.0,8992.0,2500601,Alhandra - PB,3148252
12,12,PB,19127,RIACHÃO DO BACAMARTE,8956,7512,1444,1117,1811,16.123269316659222,14.86954206602769,24.108093716719917,404.0,183.0,1293.0,607.0,748.0,978.0,165.0,100.0,0.0,47.0,80.0,83.0,113.0,104.0,419.0,484.0,454.0,420.0,444.0,355.0,354.0,296.0,227.0,176.0,166.0,118.0,84.0,35.0,13.0,6.0,0.0,2309.0,2169.0,2512754,Riachão do Bacamarte - PB,68122
13,13,PB,19135,SÃO JOÃO DO RIO DO PEIXE,27854,23417,4437,4594,4824,15.92948948086451,19.618226075073665,20.60041849938079,1560.0,618.0,4561.0,2635.0,1651.0,1510.0,892.0,500.0,0.0,123.0,177.0,181.0,221.0,250.0,968.0,1280.0,1187.0,1426.0,1434.0,1259.0,1163.0,1092.0,897.0,780.0,678.0,418.0,263.0,100.0,22.0,8.0,0.0,7197.0,6730.0,2500700,São João do Rio do Peixe - PB,286060
14,14,PB,19143,MATINHAS,9016,7239,1777,1094,1660,19.709405501330966,15.112584611134134,22.93134410830225,318.0,220.0,1572.0,589.0,662.0,904.0,157.0,86.0,3.0,31.0,59.0,89.0,97.0,90.0,454.0,517.0,487.0,492.0,412.0,361.0,313.0,304.0,240.0,171.0,157.0,109.0,64.0,43.0,12.0,3.0,0.0,2273.0,2235.0,2509339,Matinhas - PB,80821
15,15,PB,19151,ARAÇAGI,27932,22416,5516,3173,4045,19.747959329800945,14.155067808708068,18.045146324054247,1817.0,536.0,3525.0,2286.0,1995.0,2993.0,529.0,285.0,4.0,121.0,169.0,207.0,236.0,269.0,1127.0,1473.0,1335.0,1336.0,1335.0,1230.0,1132.0,1046.0,774.0,721.0,571.0,403.0,279.0,121.0,62.0,15.0,0.0,7217.0,6749.0,2500809,Araçagi - PB,233113
16,16,PB,19160,LOGRADOURO,8002,6692,1310,551,1207,16.370907273181704,8.233711894799761,18.03646144650329,255.0,148.0,1405.0,705.0,725.0,531.0,137.0,95.0,0.0,46.0,45.0,67.0,77.0,89.0,320.0,462.0,480.0,446.0,391.0,356.0,272.0,298.0,186.0,144.0,140.0,82.0,64.0,28.0,8.0,0.0,0.0,2012.0,1989.0,2508554,Logradouro - PB,65569
17,17,PB,19178,ARARA,17820,13782,4038,1876,2701,22.65993265993266,13.61195762588884,19.598026411261067,1247.0,329.0,2665.0,1291.0,1019.0,1787.0,341.0,231.0,8.0,66.0,138.0,127.0,158.0,174.0,697.0,878.0,781.0,804.0,800.0,707.0,664.0,590.0,534.0,477.0,492.0,359.0,258.0,132.0,49.0,17.0,0.0,4760.0,4150.0,2500908,Arara - PB,133977
18,18,PB,19186,SERTÃOZINHO,8700,7145,1555,1214,1265,17.873563218390803,16.990902729181244,17.704688593421974,338.0,212.0,1225.0,965.0,642.0,653.0,199.0,116.0,2.0,46.0,68.0,91.0,62.0,97.0,342.0,465.0,451.0,420.0,448.0,383.0,336.0,280.0,222.0,178.0,193.0,135.0,85.0,33.0,10.0,3.0,0.0,2248.0,2102.0,2515930,Sertãozinho - PB,71175
19,19,PB,19194,ARARUNA,27362,21059,6303,2362,3772,23.035596813098454,11.216107127593904,17.911581746521676,1396.0,771.0,3278.0,2422.0,1811.0,2905.0,710.0,388.0,0.0,124.0,198.0,229.0,272.0,323.0,1331.0,1451.0,1361.0,1367.0,1276.0,1226.0,1066.0,981.0,739.0,631.0,500.0,304.0,199.0,69.0,26.0,8.0,0.0,7069.0,6612.0,2501005,Araruna - PB,244109
20,20,PB,19208,RIACHÃO,6408,5066,1342,498,677,20.942571785268417,9.83024082116068,13.363600473746546,321.0,179.0,708.0,639.0,476.0,640.0,154.0,87.0,0.0,29.0,33.0,55.0,64.0,50.0,270.0,350.0,362.0,351.0,345.0,285.0,207.0,201.0,160.0,155.0,132.0,72.0,47.0,27.0,6.0,3.0,0.0,1638.0,1566.0,2512747,Riachão - PB,42007
21,21,PB,19216,AREIA,36924,29855,7069,7162,5843,19.144729715090456,23.989281527382342,19.57126109529392,2209.0,682.0,5308.0,3301.0,2089.0,2526.0,1432.0,915.0,10.0,100.0,165.0,244.0,311.0,347.0,1420.0,2010.0,2009.0,2019.0,1919.0,1481.0,1301.0,1347.0,1075.0,873.0,707.0,495.0,317.0,197.0,87.0,28.0,0.0,9706.0,8756.0,2501104,Areia - PB,355512
22,22,PB,19224,SÃO DOMINGOS DO CARIRI,6078,4846,1232,448,526,20.269825600526488,9.244737928188195,10.854312835328106,120.0,248.0,1320.0,414.0,454.0,249.0,139.0,95.0,0.0,27.0,43.0,39.0,48.0,56.0,234.0,320.0,282.0,292.0,300.0,275.0,261.0,235.0,177.0,133.0,123.0,81.0,57.0,33.0,15.0,8.0,0.0,1535.0,1504.0,2513943,São Domingos do Cariri - PB,39709
23,23,PB,19232,AREIAL,12146,10025,2121,1730,2152,17.46253910752511,17.256857855361595,21.46633416458853,350.0,310.0,1947.0,1105.0,947.0,967.0,251.0,196.0,1.0,70.0,94.0,91.0,99.0,113.0,512.0,623.0,639.0,639.0,660.0,488.0,460.0,394.0,342.0,269.0,263.0,157.0,95.0,49.0,11.0,4.0,0.0,3254.0,2819.0,2501203,Areial - PB,81463
24,24,PB,19240,CARAÚBAS,8324,7191,1133,592,962,13.611244593945218,8.232512863301348,13.377833402864692,252.0,268.0,1436.0,552.0,618.0,816.0,154.0,66.0,3.0,39.0,53.0,51.0,67.0,104.0,335.0,434.0,401.0,408.0,330.0,366.0,308.0,327.0,261.0,186.0,176.0,135.0,103.0,51.0,13.0,10.0,1.0,2099.0,2063.0,2504074,Caraúbas - PB,55068
25,25,PB,19259,AROEIRAS,31384,25926,5458,5155,5659,17.39102727504461,19.88351461852966,21.827509064259814,1501.0,613.0,5154.0,2387.0,1995.0,3014.0,634.0,394.0,1.0,106.0,178.0,270.0,289.0,328.0,1495.0,1705.0,1749.0,1570.0,1276.0,1244.0,1231.0,1136.0,941.0,721.0,664.0,389.0,233.0,107.0,55.0,3.0,1.0,8144.0,7548.0,2501302,Aroeiras - PB,327699
26,26,PB,19267,SANTO ANDRÉ,5892,4740,1152,510,842,19.551934826883908,10.759493670886076,17.763713080168777,127.0,129.0,914.0,552.0,424.0,616.0,127.0,57.0,1.0,31.0,38.0,43.0,59.0,39.0,199.0,289.0,287.0,284.0,281.0,277.0,227.0,224.0,171.0,147.0,150.0,84.0,63.0,32.0,14.0,6.0,0.0,1475.0,1471.0,2513851,Santo André - PB,40211
27,27,PB,19275,DAMIÃO,9110,7128,1982,422,1072,21.7563117453348,5.920314253647587,15.039281705948374,491.0,165.0,1260.0,565.0,701.0,1168.0,111.0,94.0,1.0,59.0,63.0,77.0,87.0,90.0,465.0,475.0,492.0,500.0,426.0,378.0,318.0,277.0,227.0,209.0,148.0,130.0,71.0,45.0,15.0,2.0,0.0,2265.0,2290.0,2505352,Damião - PB,62654
28,28,PB,19283,SOSSÊGO,6664,5561,1103,485,800,16.551620648259306,8.721452976083437,14.385901816220104,304.0,127.0,1036.0,526.0,533.0,626.0,111.0,69.0,2.0,45.0,47.0,67.0,80.0,78.0,305.0,353.0,333.0,320.0,306.0,294.0,241.0,220.0,178.0,165.0,89.0,89.0,64.0,41.0,11.0,4.0,0.0,1682.0,1650.0,2516151,Sossêgo - PB,47775
29,29,PB,19291,BAÍA DA TRAIÇÃO,14728,12271,2457,1509,1736,16.682509505703422,12.297286284736373,14.147176269252707,544.0,414.0,1893.0,1795.0,1063.0,792.0,521.0,342.0,1.0,58.0,85.0,142.0,175.0,168.0,702.0,910.0,792.0,794.0,775.0,644.0,516.0,501.0,416.0,306.0,213.0,107.0,43.0,9.0,6.0,1.0,0.0,3799.0,3565.0,2501401,Baía da Traição - PB,130462
30,30,PB,19305,BARAÚNA,8948,7272,1676,1019,1251,18.73044255699598,14.012651265126513,17.2029702970297,505.0,244.0,1087.0,651.0,851.0,912.0,97.0,127.0,2.0,66.0,86.0,90.0,88.0,108.0,366.0,455.0,460.0,426.0,377.0,396.0,319.0,292.0,257.0,229.0,191.0,137.0,70.0,45.0,11.0,3.0,0.0,2266.0,2208.0,2501534,Baraúna - PB,62002
31,31,PB,19313,BANANEIRAS,36202,28980,7222,5122,5433,19.949174078780175,17.674258109040718,18.74741200828157,1795.0,788.0,4737.0,2209.0,2756.0,4174.0,1037.0,605.0,0.0,165.0,239.0,298.0,330.0,346.0,1538.0,1862.0,1769.0,1857.0,1740.0,1516.0,1496.0,1316.0,1098.0,865.0,712.0,457.0,296.0,146.0,42.0,13.0,0.0,9402.0,8699.0,2501500,Bananeiras - PB,370980
32,32,PB,19321,ASSUNÇÃO,8286,6562,1724,493,1040,20.80617909727251,7.512953367875648,15.848826577263027,263.0,200.0,1476.0,632.0,574.0,682.0,185.0,131.0,0.0,41.0,64.0,88.0,82.0,87.0,366.0,469.0,412.0,472.0,437.0,357.0,288.0,222.0,196.0,177.0,179.0,80.0,77.0,28.0,18.0,3.0,0.0,2089.0,2054.0,2501351,Assunção - PB,56279
33,33,PB,19330,BARRA DE SANTA ROSA,21364,17480,3884,1199,2606,18.1801160831305,6.859267734553775,14.90846681922197,1230.0,405.0,2695.0,1584.0,1359.0,2605.0,526.0,278.0,3.0,100.0,157.0,177.0,162.0,214.0,835.0,1017.0,993.0,1103.0,1031.0,924.0,736.0,775.0,615.0,565.0,409.0,349.0,280.0,145.0,72.0,20.0,0.0,5385.0,5297.0,2501609,Barra de Santa Rosa - PB,187975
34,34,PB,19348,ZABELÊ,4776,3822,954,362,563,19.974874371859297,9.47148090005233,14.730507587650449,204.0,139.0,476.0,525.0,411.0,435.0,125.0,73.0,0.0,34.0,35.0,59.0,61.0,51.0,217.0,233.0,208.0,255.0,224.0,204.0,167.0,173.0,155.0,105.0,79.0,65.0,37.0,17.0,4.0,5.0,0.0,1226.0,1162.0,2517407,Zabelê - PB,35337
35,35,PB,19356,BARRA DE SÃO MIGUEL,11358,9865,1493,1058,1360,13.144919880260607,10.72478459199189,13.786112519006588,377.0,416.0,1882.0,901.0,965.0,805.0,196.0,137.0,0.0,61.0,55.0,95.0,103.0,105.0,458.0,591.0,631.0,592.0,526.0,472.0,415.0,419.0,379.0,259.0,204.0,144.0,105.0,31.0,30.0,4.0,0.0,2790.0,2889.0,2501708,Barra de São Miguel - PB,101524
36,36,PB,19364,CACIMBAS,12558,9287,3271,1118,1434,26.04714126453257,12.038333153871005,15.440938946915042,680.0,231.0,2096.0,819.0,1025.0,1131.0,203.0,94.0,1.0,86.0,137.0,151.0,177.0,164.0,717.0,808.0,647.0,636.0,558.0,455.0,381.0,328.0,324.0,241.0,161.0,129.0,102.0,48.0,21.0,6.0,1.0,3205.0,3074.0,2503555,Cacimbas - PB,84005
37,37,PB,19372,BAYEUX,146582,125990,20592,21765,25984,14.048109590536356,17.2751805698865,20.623859036431465,2397.0,4354.0,20831.0,19610.0,13041.0,6719.0,3365.0,2974.0,4.0,349.0,549.0,898.0,1091.0,1267.0,6153.0,8153.0,7802.0,7889.0,8138.0,7279.0,6676.0,5568.0,3946.0,2868.0,2211.0,1415.0,688.0,256.0,71.0,16.0,4.0,39321.0,33970.0,2501807,Bayeux - PB,1899000
38,38,PB,19380,CAJAZEIRINHAS,7726,6143,1583,367,824,20.48925705410303,5.9742796679147,13.413641543219926,394.0,170.0,1003.0,587.0,570.0,850.0,177.0,112.0,2.0,59.0,57.0,72.0,97.0,65.0,289.0,395.0,380.0,422.0,360.0,299.0,279.0,341.0,245.0,161.0,148.0,88.0,66.0,28.0,8.0,2.0,0.0,1909.0,1954.0,2503753,Cajazeirinhas - PB,51075
39,39,PB,19399,BELÉM,26194,20881,5313,3587,4368,20.283270978086584,17.17829605861788,20.918538384177,1128.0,577.0,2888.0,2709.0,1554.0,2967.0,762.0,512.0,4.0,83.0,145.0,172.0,181.0,206.0,1088.0,1323.0,1242.0,1302.0,1352.0,1207.0,1002.0,924.0,717.0,611.0,614.0,403.0,304.0,143.0,58.0,16.0,0.0,6832.0,6265.0,2501906,Belém - PB,268655
40,40,PB,19402,SÃO BENTINHO,7608,6022,1586,486,727,20.84647739221872,8.070408502158752,12.072401195616074,352.0,180.0,846.0,628.0,598.0,944.0,172.0,84.0,2.0,57.0,52.0,63.0,79.0,68.0,282.0,371.0,373.0,394.0,374.0,334.0,265.0,299.0,205.0,195.0,165.0,104.0,81.0,33.0,5.0,3.0,0.0,1960.0,1844.0,2513927,São Bentinho - PB,64264
41,41,PB,19410,BELÉM DO BREJO DO CRUZ,12644,9990,2654,1161,1194,20.99019297690604,11.621621621621625,11.951951951951951,634.0,235.0,1621.0,1219.0,881.0,1179.0,340.0,213.0,2.0,43.0,84.0,100.0,127.0,120.0,477.0,681.0,603.0,584.0,614.0,579.0,502.0,500.0,357.0,308.0,246.0,174.0,130.0,62.0,22.0,7.0,0.0,3210.0,3112.0,2502003,Belém do Brejo do Cruz - PB,93160
42,42,PB,19429,SÃO DOMINGOS,6426,5169,1257,266,664,19.56115779645192,5.146063068291739,12.845811568968854,312.0,125.0,861.0,425.0,394.0,902.0,114.0,80.0,0.0,46.0,39.0,58.0,56.0,65.0,253.0,282.0,310.0,340.0,330.0,270.0,265.0,214.0,180.0,159.0,138.0,95.0,72.0,30.0,8.0,2.0,1.0,1633.0,1580.0,2513968,São Domingos - PB,44068
43,43,PB,19437,BOA VENTURA,10662,8058,2604,484,1217,24.42318514350028,6.006453214197071,15.1030032266071,470.0,281.0,1205.0,1020.0,860.0,1016.0,290.0,189.0,2.0,62.0,57.0,102.0,101.0,97.0,397.0,550.0,594.0,561.0,552.0,464.0,352.0,345.0,287.0,267.0,211.0,160.0,85.0,56.0,20.0,9.0,0.0,2687.0,2644.0,2502102,Boa Ventura - PB,63601
44,44,PB,19445,SÃO JOSÉ DE PRINCESA,6428,5267,1161,438,971,18.061605476042317,8.315929371558763,18.43554205430036,273.0,164.0,1178.0,550.0,374.0,504.0,117.0,54.0,0.0,33.0,31.0,37.0,58.0,59.0,243.0,307.0,338.0,328.0,340.0,282.0,242.0,243.0,196.0,136.0,137.0,105.0,67.0,20.0,12.0,0.0,0.0,1615.0,1599.0,2514552,São José de Princesa - PB,43362
45,45,PB,19453,BOM JESUS,6102,5046,1056,443,730,17.305801376597838,8.779231074118114,14.466904478795083,189.0,166.0,763.0,551.0,433.0,679.0,149.0,121.0,0.0,40.0,42.0,55.0,42.0,49.0,255.0,307.0,314.0,314.0,309.0,278.0,232.0,196.0,151.0,137.0,114.0,92.0,81.0,27.0,11.0,5.0,0.0,1516.0,1535.0,2502201,Bom Jesus - PB,40310
46,46,PB,19461,MARIZÓPOLIS,12212,10326,1886,1629,1697,15.443825745168688,15.77571179546775,16.434243656788688,561.0,321.0,1662.0,1017.0,983.0,1092.0,276.0,194.0,1.0,76.0,90.0,117.0,128.0,132.0,509.0,612.0,582.0,669.0,612.0,534.0,422.0,437.0,359.0,287.0,229.0,164.0,86.0,44.0,11.0,5.0,0.0,3117.0,2989.0,2509156,Marizópolis - PB,97757
47,47,PB,19470,BOM SUCESSO,9056,7538,1518,454,719,16.762367491166078,6.022817723534094,9.53833908198461,394.0,225.0,1064.0,903.0,577.0,1023.0,221.0,121.0,2.0,63.0,51.0,69.0,71.0,93.0,319.0,375.0,350.0,405.0,427.0,348.0,349.0,389.0,352.0,275.0,248.0,172.0,116.0,39.0,12.0,3.0,0.0,2338.0,2190.0,2502300,Bom Sucesso - PB,66561
48,48,PB,19488,MATO GROSSO,6482,4666,1816,259,640,28.016044430731256,5.550792970424347,13.716245177882556,254.0,143.0,977.0,519.0,449.0,756.0,82.0,61.0,3.0,41.0,53.0,54.0,51.0,78.0,274.0,374.0,392.0,355.0,296.0,257.0,217.0,214.0,195.0,134.0,108.0,62.0,46.0,29.0,8.0,0.0,0.0,1659.0,1582.0,2509370,Mato Grosso - PB,38900
49,49,PB,19496,BONITO DE SANTA FÉ,15156,12047,3109,901,1722,20.51332805489575,7.479040425002076,14.294015107495644,849.0,277.0,2056.0,1082.0,914.0,1728.0,455.0,217.0,19.0,90.0,120.0,132.0,146.0,141.0,627.0,776.0,724.0,801.0,720.0,630.0,543.0,534.0,414.0,366.0,309.0,229.0,142.0,75.0,34.0,6.0,0.0,3914.0,3664.0,2502409,Bonito de Santa Fé - PB,119586
50,50,PB,19500,BERNARDINO BATISTA,6332,4882,1450,208,630,22.89955780164245,4.260548955346169,12.904547316673495,368.0,272.0,1006.0,532.0,433.0,297.0,175.0,83.0,2.0,59.0,72.0,68.0,70.0,68.0,280.0,339.0,337.0,381.0,305.0,233.0,191.0,201.0,156.0,133.0,118.0,81.0,48.0,11.0,12.0,1.0,0.0,1599.0,1567.0,2502052,Bernardino Batista - PB,53721
51,51,PB,19518,BOQUEIRÃO,30086,24904,5182,3286,4379,17.223957987103635,13.19466752328943,17.583520719563122,1097.0,703.0,4032.0,2651.0,2160.0,3308.0,604.0,488.0,4.0,146.0,203.0,251.0,274.0,245.0,1219.0,1601.0,1631.0,1578.0,1448.0,1258.0,1151.0,1135.0,879.0,616.0,570.0,411.0,268.0,105.0,38.0,12.0,0.0,7730.0,7313.0,2502508,Boqueirão - PB,302850
52,52,PB,19526,POÇO DE JOSÉ DE MOURA,7832,6424,1408,488,1096,17.97752808988764,7.596513075965131,17.06102117061021,274.0,269.0,1329.0,703.0,511.0,504.0,193.0,133.0,0.0,37.0,55.0,52.0,74.0,81.0,299.0,359.0,368.0,372.0,361.0,334.0,296.0,276.0,253.0,229.0,192.0,140.0,90.0,27.0,19.0,2.0,0.0,1989.0,1927.0,2512077,Poço de José de Moura - PB,61655
53,53,PB,19534,IGARACY,11510,8522,2988,416,1123,25.960034752389227,4.881483219901432,13.17765782680122,483.0,214.0,1675.0,870.0,974.0,1119.0,259.0,161.0,0.0,58.0,78.0,97.0,108.0,144.0,481.0,627.0,551.0,561.0,516.0,450.0,433.0,425.0,340.0,321.0,221.0,159.0,131.0,38.0,8.0,7.0,1.0,2965.0,2790.0,2502607,Igaracy - PB,73095
54,54,PB,19542,SÃO JOSÉ DO BREJO DO CRUZ,4400,3729,671,209,373,15.25,5.604719764011799,10.002681684097611,174.0,128.0,574.0,471.0,291.0,327.0,135.0,100.0,0.0,16.0,31.0,39.0,41.0,45.0,203.0,223.0,206.0,223.0,238.0,215.0,147.0,151.0,139.0,87.0,84.0,53.0,32.0,18.0,7.0,1.0,1.0,1073.0,1127.0,2514651,São José do Brejo do Cruz - PB,36303
55,55,PB,19550,BORBOREMA,9098,7150,1948,922,1143,21.411299186634423,12.895104895104897,15.986013986013988,520.0,245.0,1161.0,762.0,745.0,769.0,214.0,133.0,1.0,35.0,69.0,97.0,92.0,109.0,439.0,501.0,394.0,462.0,447.0,399.0,321.0,297.0,256.0,191.0,170.0,140.0,77.0,35.0,15.0,2.0,0.0,2320.0,2229.0,2502706,Borborema - PB,80671
56,56,PB,19569,SANTA INÊS,7636,6017,1619,401,976,21.20220010476689,6.664450722951637,16.22070799401695,350.0,196.0,972.0,520.0,545.0,1009.0,156.0,70.0,0.0,34.0,56.0,80.0,81.0,79.0,279.0,409.0,466.0,401.0,354.0,342.0,303.0,263.0,226.0,157.0,124.0,80.0,57.0,21.0,5.0,1.0,0.0,1878.0,1940.0,2513356,Santa Inês - PB,40015
57,57,PB,19577,BREJO DO CRUZ,20604,16721,3883,1365,2329,18.845855173752668,8.163387357215477,13.92859278751271,995.0,521.0,3167.0,1672.0,1406.0,1637.0,610.0,294.0,0.0,96.0,147.0,154.0,168.0,173.0,792.0,1054.0,1058.0,1060.0,1042.0,894.0,798.0,868.0,692.0,527.0,329.0,227.0,143.0,56.0,18.0,6.0,0.0,5406.0,4896.0,2502805,Brejo do Cruz - PB,207305
58,58,PB,19585,AMPARO,5174,4212,962,505,530,18.592964824120603,11.989553656220323,12.583095916429247,144.0,152.0,647.0,507.0,440.0,477.0,120.0,100.0,1.0,27.0,37.0,51.0,42.0,50.0,210.0,276.0,265.0,308.0,256.0,228.0,173.0,204.0,118.0,106.0,96.0,60.0,47.0,25.0,6.0,1.0,0.0,1263.0,1324.0,2500734,Amparo - PB,37039
59,59,PB,19593,BREJO DOS SANTOS,11628,9730,1898,1155,1068,16.32266941864465,11.8705035971223,10.976361767728674,536.0,231.0,1680.0,1124.0,774.0,863.0,423.0,183.0,2.0,62.0,66.0,109.0,106.0,117.0,460.0,579.0,524.0,564.0,515.0,533.0,438.0,448.0,380.0,321.0,223.0,194.0,108.0,45.0,15.0,5.0,0.0,2997.0,2817.0,2502904,Brejo dos Santos - PB,79111
60,60,PB,19607,CASSERENGUE,12028,9359,2669,1295,1486,22.189890256069173,13.836948391922212,15.877764718452823,894.0,278.0,1471.0,630.0,822.0,1706.0,126.0,87.0,5.0,77.0,74.0,110.0,120.0,145.0,546.0,650.0,529.0,592.0,521.0,480.0,441.0,425.0,338.0,268.0,230.0,187.0,159.0,74.0,33.0,10.0,0.0,3038.0,2976.0,2504157,Casserengue - PB,83914
61,61,PB,19615,CAAPORÃ,32692,27560,5132,6808,6235,15.698030099106816,24.702467343976775,22.6233671988389,1005.0,448.0,5022.0,4214.0,2586.0,1910.0,714.0,447.0,0.0,72.0,154.0,263.0,339.0,388.0,1556.0,1937.0,1833.0,1833.0,1866.0,1619.0,1282.0,1051.0,809.0,587.0,408.0,218.0,89.0,34.0,6.0,2.0,0.0,8483.0,7863.0,2503001,Caaporã - PB,545157
62,62,PB,19623,GADO BRAVO,15012,12420,2592,2718,2797,17.26618705035971,21.88405797101449,22.52012882447665,553.0,387.0,2033.0,1226.0,1013.0,1876.0,279.0,139.0,0.0,72.0,98.0,112.0,143.0,159.0,699.0,885.0,853.0,771.0,688.0,572.0,554.0,502.0,393.0,348.0,339.0,180.0,88.0,33.0,12.0,5.0,0.0,3806.0,3700.0,2506251,Gado Bravo - PB,101801
63,63,PB,19631,CABACEIRAS,9764,8435,1329,923,1135,13.611224907824662,10.94250148192057,13.455838767042088,154.0,273.0,1585.0,1062.0,754.0,517.0,307.0,230.0,1.0,47.0,61.0,86.0,64.0,85.0,352.0,451.0,506.0,478.0,485.0,399.0,331.0,365.0,342.0,259.0,227.0,155.0,105.0,56.0,21.0,6.0,0.0,2546.0,2336.0,2503100,Cabaceiras - PB,171069
64,64,PB,19640,POÇO DANTAS,8124,6208,1916,532,800,23.58444116198917,8.56958762886598,12.886597938144329,469.0,189.0,1356.0,543.0,543.0,671.0,222.0,69.0,1.0,67.0,87.0,105.0,107.0,97.0,402.0,420.0,450.0,417.0,366.0,312.0,287.0,261.0,209.0,128.0,134.0,98.0,70.0,24.0,15.0,5.0,0.0,1968.0,2094.0,2512036,Poço Dantas - PB,56713
65,65,PB,19658,CABEDELO,102082,82128,19954,13721,13099,19.547030818361712,16.70684784726281,15.949493473602184,1246.0,3026.0,9716.0,13034.0,9576.0,3907.0,6980.0,3556.0,6.0,248.0,465.0,689.0,776.0,809.0,4065.0,5225.0,5150.0,5585.0,5689.0,4932.0,4492.0,3942.0,3169.0,2283.0,1620.0,994.0,579.0,225.0,82.0,14.0,2.0,27167.0,23874.0,2503209,Cabedelo - PB,4092777
66,66,PB,19666,JOCA CLAUDINO,5114,3986,1128,277,635,22.05709816190849,6.949322629202208,15.930757651781237,181.0,118.0,718.0,432.0,425.0,536.0,99.0,48.0,1.0,31.0,34.0,39.0,34.0,60.0,184.0,242.0,266.0,296.0,270.0,203.0,169.0,198.0,134.0,142.0,102.0,66.0,43.0,29.0,11.0,3.0,0.0,1288.0,1269.0,2513653,Joca Claudino - PB,43129
67,67,PB,19674,CACHOEIRA DOS ÍNDIOS,15488,12386,3102,1811,2609,20.02840909090909,14.621346681737446,21.06410463426449,515.0,385.0,2599.0,1133.0,1149.0,1427.0,331.0,205.0,1.0,48.0,77.0,135.0,142.0,139.0,620.0,829.0,826.0,832.0,765.0,644.0,550.0,560.0,427.0,383.0,326.0,222.0,149.0,55.0,12.0,2.0,0.0,3978.0,3766.0,2503308,Cachoeira dos Índios - PB,153125
68,68,PB,19682,TENÓRIO,5780,4842,938,396,662,16.228373702422143,8.178438661710038,13.672036348616274,132.0,136.0,952.0,374.0,430.0,732.0,77.0,57.0,0.0,28.0,47.0,57.0,76.0,66.0,227.0,341.0,341.0,313.0,275.0,250.0,189.0,174.0,149.0,115.0,114.0,60.0,39.0,19.0,10.0,0.0,0.0,1415.0,1475.0,2516755,Tenório - PB,40231
69,69,PB,19690,CACIMBA DE AREIA,7904,6441,1463,794,1041,18.509615384615387,12.32727837292346,16.16208663251048,389.0,200.0,1035.0,948.0,527.0,511.0,205.0,137.0,3.0,40.0,58.0,74.0,73.0,68.0,315.0,370.0,419.0,468.0,374.0,349.0,310.0,287.0,210.0,175.0,131.0,102.0,67.0,36.0,14.0,9.0,0.0,1988.0,1964.0,2503407,Cacimba de Areia - PB,45669
70,70,PB,19704,COXIXOLA,3802,3220,582,371,404,15.307732772225144,11.521739130434783,12.546583850931675,92.0,112.0,508.0,419.0,251.0,371.0,89.0,59.0,1.0,17.0,20.0,23.0,34.0,22.0,128.0,190.0,173.0,195.0,155.0,148.0,178.0,135.0,141.0,92.0,87.0,71.0,46.0,29.0,11.0,5.0,0.0,943.0,958.0,2504850,Coxixola - PB,30936
71,71,PB,19712,CACIMBA DE DENTRO,27714,21509,6205,1939,3820,22.389406076351303,9.014831000976336,17.760007438746573,1564.0,680.0,3355.0,2054.0,1795.0,3667.0,442.0,300.0,0.0,152.0,203.0,239.0,270.0,284.0,1248.0,1470.0,1401.0,1455.0,1225.0,1132.0,1003.0,1057.0,811.0,592.0,541.0,367.0,250.0,122.0,31.0,4.0,0.0,7091.0,6766.0,2503506,Cacimba de Dentro - PB,179299
72,72,PB,19720,PARARI,4326,3604,722,253,492,16.689782709200184,7.019977802441732,13.65149833518313,70.0,121.0,628.0,354.0,298.0,515.0,112.0,65.0,2.0,14.0,25.0,29.0,34.0,42.0,137.0,204.0,209.0,217.0,237.0,175.0,163.0,169.0,153.0,121.0,92.0,55.0,42.0,28.0,10.0,5.0,0.0,1082.0,1081.0,2510659,Parari - PB,28042
73,73,PB,19739,CAIÇARA,12506,9811,2695,1139,1963,21.54965616504078,11.609418000203853,20.008154112730608,527.0,162.0,2097.0,1099.0,985.0,942.0,264.0,177.0,1.0,60.0,68.0,86.0,122.0,84.0,481.0,677.0,683.0,614.0,585.0,587.0,510.0,475.0,362.0,248.0,257.0,163.0,120.0,48.0,19.0,3.0,0.0,3231.0,3022.0,2503605,Caiçara - PB,83428
74,74,PB,19747,PEDRO RÉGIS,10870,8137,2733,837,1509,25.14259429622815,10.286346319282291,18.54491827454836,596.0,252.0,1582.0,684.0,731.0,1306.0,188.0,96.0,0.0,57.0,75.0,92.0,106.0,109.0,544.0,590.0,563.0,555.0,544.0,485.0,394.0,372.0,221.0,229.0,197.0,122.0,105.0,55.0,13.0,7.0,0.0,2674.0,2761.0,2512721,Pedro Régis - PB,70516
75,75,PB,19755,CAJAZEIRAS,91824,76405,15419,12589,12111,16.7919062554452,16.47667037497546,15.85105686800602,2352.0,2376.0,12718.0,9774.0,6092.0,5397.0,4567.0,2636.0,8.0,340.0,513.0,655.0,697.0,791.0,3588.0,4751.0,4702.0,4809.0,4832.0,4066.0,3380.0,3209.0,2562.0,2391.0,1918.0,1262.0,883.0,363.0,152.0,38.0,2.0,24643.0,21269.0,2503704,Cajazeiras - PB,1808447
76,76,PB,19763,ALCANTIL,9334,8166,1168,1032,1431,12.51339190057853,12.637766348273328,17.523879500367375,307.0,235.0,1399.0,904.0,668.0,885.0,162.0,107.0,7.0,42.0,49.0,71.0,63.0,86.0,349.0,550.0,524.0,479.0,439.0,432.0,343.0,387.0,271.0,203.0,169.0,105.0,70.0,19.0,8.0,1.0,0.0,2377.0,2290.0,2500536,Alcantil - PB,70348
77,77,PB,19771,CALDAS BRANDÃO,10564,8811,1753,1273,1477,16.594093146535403,14.447849279309954,16.76313698785609,697.0,205.0,1461.0,833.0,745.0,1042.0,164.0,135.0,2.0,47.0,77.0,73.0,86.0,102.0,424.0,600.0,570.0,539.0,469.0,485.0,432.0,390.0,262.0,199.0,189.0,168.0,98.0,42.0,22.0,6.0,0.0,2732.0,2550.0,2503803,Caldas Brandão - PB,92129
78,78,PB,19780,BARRA DE SANTANA,14856,12343,2513,1980,2741,16.915724286483574,16.0414810013773,22.206918901401604,588.0,391.0,1773.0,1214.0,1163.0,1913.0,230.0,156.0,6.0,70.0,82.0,100.0,119.0,150.0,605.0,801.0,740.0,719.0,683.0,609.0,592.0,548.0,436.0,397.0,304.0,244.0,119.0,73.0,27.0,4.0,0.0,3677.0,3751.0,2501575,Barra de Santana - PB,115121
79,79,PB,19798,CAMALAÚ,11970,9974,1996,1097,1486,16.6750208855472,10.99859635051133,14.898736715460196,679.0,280.0,1927.0,824.0,857.0,1103.0,200.0,115.0,1.0,59.0,82.0,116.0,126.0,116.0,534.0,633.0,576.0,557.0,552.0,487.0,439.0,417.0,332.0,264.0,266.0,189.0,130.0,73.0,25.0,11.0,0.0,3010.0,2975.0,2503902,Camalaú - PB,87713
80,80,PB,19801,CATURITÉ,9888,8552,1336,1031,1368,13.511326860841423,12.055659494855004,15.99625818521983,580.0,288.0,868.0,1190.0,688.0,908.0,262.0,160.0,0.0,61.0,66.0,80.0,97.0,105.0,424.0,521.0,534.0,514.0,504.0,382.0,378.0,353.0,288.0,214.0,190.0,132.0,66.0,26.0,7.0,2.0,0.0,2502.0,2442.0,2504355,Caturité - PB,87217
81,81,PB,19810,CAMPINA GRANDE,592988,514453,78535,81134,124678,13.243944228213724,15.770925623915112,24.235061317554763,8119.0,17391.0,59163.0,81499.0,46412.0,22361.0,36213.0,25336.0,32.0,1469.0,2464.0,4118.0,4777.0,5231.0,23143.0,31429.0,30970.0,32289.0,30924.0,26493.0,23883.0,22434.0,17744.0,13934.0,10830.0,7176.0,4273.0,1955.0,705.0,214.0,7.0,161968.0,134526.0,2504009,Campina Grande - PB,12908743
82,82,PB,19828,RIACHO DE SANTO ANTÔNIO,4808,4135,673,260,433,13.997504159733776,6.287787182587666,10.471584038694076,163.0,161.0,719.0,379.0,369.0,439.0,90.0,84.0,1.0,19.0,22.0,40.0,57.0,60.0,206.0,290.0,293.0,258.0,231.0,206.0,184.0,167.0,109.0,82.0,72.0,39.0,45.0,14.0,7.0,2.0,0.0,1194.0,1210.0,2512788,Riacho de Santo Antônio - PB,35322
83,83,PB,19836,CARRAPATEIRA,4604,3492,1112,124,437,24.152910512597742,3.5509736540664374,12.514318442153494,119.0,104.0,592.0,403.0,395.0,480.0,131.0,78.0,0.0,18.0,35.0,49.0,47.0,41.0,206.0,287.0,229.0,246.0,210.0,202.0,197.0,151.0,118.0,100.0,56.0,62.0,32.0,11.0,5.0,0.0,0.0,1090.0,1212.0,2504108,Carrapateira - PB,39802
84,84,PB,19844,APARECIDA,13716,11561,2155,2026,1502,15.711577719451736,17.524435602456535,12.9919557131736,705.0,353.0,1730.0,980.0,995.0,1706.0,218.0,171.0,0.0,78.0,101.0,103.0,107.0,137.0,464.0,599.0,660.0,731.0,652.0,657.0,508.0,584.0,409.0,347.0,292.0,189.0,151.0,63.0,21.0,5.0,0.0,3484.0,3374.0,2500775,Aparecida - PB,147637
85,85,PB,19852,CATINGUEIRA,10628,8007,2621,931,999,24.66127211140384,11.627326089671538,12.476582989883852,397.0,285.0,1543.0,838.0,924.0,965.0,242.0,120.0,1.0,65.0,77.0,105.0,127.0,117.0,428.0,518.0,543.0,610.0,517.0,466.0,355.0,405.0,299.0,244.0,181.0,129.0,76.0,37.0,10.0,3.0,1.0,2703.0,2611.0,2504207,Catingueira - PB,63519
86,86,PB,19860,SÃO FRANCISCO,8014,6918,1096,729,868,13.67606688295483,10.537727666955767,12.546978895634576,352.0,159.0,877.0,600.0,611.0,1077.0,211.0,120.0,2.0,41.0,61.0,54.0,67.0,71.0,274.0,340.0,371.0,382.0,421.0,342.0,300.0,295.0,239.0,249.0,179.0,128.0,116.0,40.0,28.0,7.0,0.0,2005.0,2002.0,2513984,São Francisco - PB,48447
87,87,PB,19879,CATOLÉ DO ROCHA,42748,35908,6840,5246,5037,16.000748573032656,14.60955775871672,14.027514759942076,1325.0,1034.0,5783.0,4259.0,3003.0,3511.0,1682.0,777.0,1.0,176.0,316.0,347.0,381.0,370.0,1516.0,1947.0,2058.0,2302.0,2226.0,1967.0,1592.0,1743.0,1481.0,1160.0,826.0,474.0,323.0,130.0,34.0,4.0,0.0,11384.0,9990.0,2504306,Catolé do Rocha - PB,622714
88,88,PB,19887,VIEIRÓPOLIS,10028,8137,1891,976,1278,18.857199840446743,11.994592601695956,15.706034164925647,501.0,214.0,1342.0,739.0,674.0,1206.0,203.0,135.0,4.0,41.0,62.0,83.0,94.0,71.0,331.0,427.0,445.0,495.0,510.0,485.0,364.0,366.0,321.0,295.0,241.0,169.0,145.0,48.0,14.0,3.0,0.0,2533.0,2481.0,2517209,Vieirópolis - PB,59242
89,89,PB,19895,CONCEIÇÃO,29004,23101,5903,2751,3754,20.352365191008136,11.908575386346913,16.250378771481756,1441.0,658.0,3010.0,2269.0,2343.0,3597.0,799.0,385.0,2.0,161.0,222.0,254.0,269.0,279.0,1161.0,1469.0,1317.0,1521.0,1460.0,1234.0,1078.0,1071.0,898.0,729.0,602.0,407.0,250.0,87.0,26.0,5.0,0.0,7447.0,7055.0,2504405,Conceição - PB,257651
90,90,PB,19909,AREIA DE BARAÚNAS,4312,3516,796,315,509,18.46011131725417,8.959044368600683,14.476678043230946,235.0,97.0,563.0,451.0,304.0,389.0,76.0,41.0,0.0,21.0,23.0,30.0,47.0,47.0,188.0,252.0,245.0,260.0,198.0,184.0,149.0,137.0,107.0,84.0,68.0,47.0,37.0,26.0,3.0,3.0,0.0,1087.0,1069.0,2501153,Areia de Baraúnas - PB,27916
91,91,PB,19917,CONDADO,11096,8992,2104,698,1521,18.96178803172314,7.762455516014236,16.915035587188612,427.0,260.0,1406.0,938.0,754.0,1296.0,300.0,167.0,1.0,54.0,67.0,84.0,100.0,80.0,385.0,491.0,486.0,535.0,499.0,464.0,457.0,477.0,431.0,326.0,260.0,173.0,114.0,50.0,10.0,4.0,0.0,2895.0,2653.0,2504504,Condado - PB,89037
92,92,PB,19925,ALGODÃO DE JANDAÍRA,5986,4865,1121,618,812,18.727029736050785,12.702980472764647,16.69064748201439,342.0,147.0,945.0,469.0,443.0,465.0,90.0,92.0,0.0,33.0,52.0,52.0,57.0,78.0,267.0,342.0,354.0,356.0,273.0,253.0,202.0,174.0,155.0,93.0,116.0,69.0,45.0,15.0,6.0,1.0,0.0,1474.0,1519.0,2500577,Algodão de Jandaíra - PB,38483
93,93,PB,19933,CONDE,45302,37976,7326,6556,7295,16.171471458213766,17.26353486412471,19.20950073730777,1489.0,883.0,6346.0,4527.0,4025.0,3231.0,1394.0,756.0,2.0,182.0,265.0,386.0,429.0,436.0,2038.0,2476.0,2561.0,2573.0,2483.0,2070.0,1769.0,1538.0,1230.0,938.0,641.0,344.0,192.0,74.0,24.0,0.0,0.0,11699.0,10952.0,2504603,Conde - PB,1648300
94,94,PB,19941,BOA VISTA,11848,10450,1398,1592,2305,11.799459824442945,15.23444976076555,22.057416267942585,254.0,375.0,1773.0,1320.0,970.0,684.0,300.0,248.0,0.0,37.0,55.0,82.0,113.0,117.0,444.0,657.0,641.0,589.0,625.0,500.0,449.0,427.0,359.0,300.0,213.0,144.0,102.0,50.0,14.0,6.0,0.0,3022.0,2902.0,2502151,Boa Vista - PB,319446
95,95,PB,19950,CONGO,10202,8756,1446,754,1280,14.173691433052344,8.611238008222932,14.618547281863863,328.0,309.0,1488.0,837.0,772.0,1064.0,199.0,104.0,2.0,54.0,78.0,71.0,112.0,114.0,445.0,519.0,487.0,490.0,432.0,505.0,416.0,388.0,261.0,202.0,185.0,152.0,102.0,56.0,21.0,9.0,0.0,2599.0,2502.0,2504702,Congo - PB,85465
96,96,PB,19968,MARCAÇÃO,13914,11682,2232,1919,1708,16.041397153945667,16.42698168121897,14.620784112309536,820.0,297.0,1807.0,1251.0,970.0,1309.0,292.0,211.0,0.0,95.0,111.0,134.0,153.0,152.0,638.0,856.0,836.0,807.0,647.0,559.0,518.0,414.0,324.0,261.0,204.0,123.0,62.0,44.0,15.0,3.0,1.0,3562.0,3395.0,2509057,Marcação - PB,123336
97,97,PB,19976,COREMAS,24370,18909,5461,1536,2327,22.408699220352894,8.123115976519118,12.306309164947908,1225.0,440.0,3304.0,1914.0,1496.0,2669.0,742.0,395.0,12.0,133.0,163.0,174.0,227.0,248.0,1039.0,1203.0,1184.0,1248.0,1164.0,1015.0,863.0,939.0,725.0,603.0,470.0,351.0,238.0,137.0,37.0,12.0,0.0,6350.0,5835.0,2504801,Coremas - PB,255021
98,98,PB,19984,MATURÉIA,11020,8682,2338,1610,1800,21.21597096188748,18.54411425938724,20.73255010366275,416.0,219.0,1609.0,853.0,925.0,1152.0,227.0,109.0,0.0,70.0,68.0,107.0,134.0,137.0,481.0,677.0,613.0,597.0,501.0,469.0,386.0,371.0,251.0,191.0,183.0,128.0,102.0,29.0,14.0,1.0,0.0,2801.0,2709.0,2509396,Maturéia - PB,79510
99,99,PB,19992,CRUZ DO ESPÍRITO SANTO,31826,27138,4688,6638,5216,14.730094890969648,24.46016655612057,19.2202815240622,1875.0,556.0,5077.0,2445.0,2472.0,2926.0,360.0,202.0,0.0,95.0,148.0,292.0,323.0,344.0,1540.0,1832.0,1731.0,1652.0,1772.0,1550.0,1303.0,1112.0,801.0,601.0,447.0,237.0,94.0,33.0,4.0,2.0,0.0,8057.0,7856.0,2504900,Cruz do Espírito Santo - PB,253013
100,100,PB,20001,SANTA CECÍLIA,13286,11709,1577,1488,1450,11.869637212102964,12.708173200102484,12.383636518917072,655.0,258.0,1873.0,933.0,1110.0,1619.0,135.0,60.0,0.0,102.0,111.0,131.0,139.0,137.0,657.0,811.0,785.0,730.0,648.0,552.0,408.0,412.0,327.0,233.0,203.0,151.0,74.0,24.0,5.0,3.0,0.0,3253.0,3390.0,2513158,Santa Cecília - PB,90463
101,101,PB,20010,CUBATI,12996,10728,2268,1572,2289,17.451523545706372,14.65324384787472,21.33668903803132,451.0,213.0,2202.0,800.0,1017.0,1442.0,212.0,161.0,2.0,85.0,96.0,116.0,115.0,124.0,548.0,663.0,707.0,637.0,636.0,535.0,456.0,496.0,357.0,265.0,257.0,191.0,112.0,61.0,31.0,8.0,0.0,3395.0,3103.0,2505006,Cubati - PB,102129
102,102,PB,20036,CUITÉ,33918,27247,6671,2960,4961,19.668022878707472,10.86358131170404,18.207509083568837,1408.0,539.0,4215.0,3055.0,2691.0,3285.0,976.0,790.0,4.0,176.0,217.0,248.0,259.0,317.0,1341.0,1723.0,1704.0,1747.0,1473.0,1480.0,1287.0,1295.0,996.0,867.0,658.0,494.0,367.0,188.0,92.0,23.0,3.0,8900.0,8059.0,2505105,Cuité - PB,273447
103,103,PB,20052,CUITEGI,11610,9156,2454,2041,1735,21.13695090439277,22.29139362166885,18.949322848405416,758.0,223.0,1597.0,898.0,941.0,1011.0,231.0,146.0,2.0,42.0,53.0,93.0,96.0,108.0,541.0,641.0,674.0,611.0,588.0,502.0,384.0,369.0,299.0,255.0,207.0,139.0,111.0,56.0,21.0,13.0,0.0,2990.0,2815.0,2505204,Cuitegi - PB,87664
104,104,PB,20079,CURRAL VELHO,4712,3671,1041,137,397,22.09252971137521,3.731953146281667,10.814491964042496,224.0,116.0,650.0,339.0,369.0,514.0,88.0,56.0,2.0,28.0,40.0,42.0,46.0,62.0,206.0,263.0,253.0,226.0,233.0,204.0,199.0,164.0,116.0,79.0,88.0,45.0,39.0,12.0,5.0,4.0,0.0,1138.0,1218.0,2505303,Curral Velho - PB,33783
105,105,PB,20095,DESTERRO,14776,11705,3071,1115,1542,20.78370330265295,9.525843656557027,13.17385732592909,393.0,271.0,2454.0,1249.0,1208.0,1333.0,312.0,168.0,1.0,102.0,149.0,155.0,161.0,157.0,625.0,813.0,724.0,749.0,672.0,623.0,527.0,499.0,364.0,303.0,307.0,208.0,154.0,65.0,24.0,6.0,0.0,3836.0,3552.0,2505402,Desterro - PB,94774
106,106,PB,20117,VISTA SERRANA,6514,4969,1545,306,586,23.7181455326988,6.158180720466895,11.793117327430066,370.0,146.0,1077.0,470.0,542.0,438.0,133.0,81.0,3.0,40.0,68.0,48.0,61.0,69.0,250.0,307.0,357.0,342.0,354.0,305.0,247.0,227.0,162.0,130.0,102.0,91.0,48.0,28.0,16.0,2.0,0.0,1643.0,1614.0,2505501,Vista Serrana - PB,50452
107,107,PB,20133,DIAMANTE,11264,8367,2897,617,1366,25.719105113636363,7.374208198876539,16.326042787139954,546.0,380.0,1227.0,1042.0,821.0,1199.0,242.0,175.0,1.0,56.0,74.0,112.0,94.0,99.0,435.0,603.0,594.0,578.0,569.0,500.0,414.0,395.0,306.0,265.0,219.0,171.0,92.0,32.0,16.0,7.0,0.0,2840.0,2792.0,2505600,Diamante - PB,75548
108,108,PB,20150,DONA INÊS,18130,14353,3777,1220,2567,20.832873690016548,8.499965164077196,17.884762767365707,916.0,315.0,1692.0,1396.0,1746.0,2448.0,318.0,234.0,0.0,122.0,144.0,152.0,197.0,210.0,871.0,1009.0,912.0,949.0,788.0,743.0,645.0,582.0,466.0,359.0,394.0,259.0,138.0,88.0,29.0,8.0,0.0,4544.0,4521.0,2505709,Dona Inês - PB,117418
109,109,PB,20176,DUAS ESTRADAS,7128,5808,1320,522,905,18.51851851851852,8.987603305785125,15.581955922865015,326.0,149.0,1082.0,754.0,453.0,479.0,203.0,118.0,1.0,38.0,41.0,57.0,66.0,92.0,276.0,401.0,361.0,390.0,323.0,259.0,288.0,257.0,196.0,166.0,141.0,102.0,66.0,32.0,8.0,3.0,0.0,1878.0,1686.0,2505808,Duas Estradas - PB,51973
110,110,PB,20192,EMAS,6702,5228,1474,367,659,21.993434795583408,7.019892884468248,12.60520275439939,242.0,141.0,994.0,635.0,605.0,507.0,151.0,76.0,0.0,41.0,53.0,64.0,81.0,71.0,315.0,339.0,339.0,375.0,385.0,300.0,222.0,200.0,153.0,146.0,109.0,77.0,58.0,17.0,6.0,0.0,0.0,1688.0,1663.0,2505907,Emas - PB,46042
111,111,PB,20214,ESPERANÇA,49906,41118,8788,8968,10262,17.609105117621127,21.810399338489223,24.957439564181136,1749.0,1280.0,7222.0,4187.0,4301.0,3828.0,1283.0,1103.0,2.0,204.0,297.0,389.0,462.0,515.0,2163.0,2582.0,2483.0,2596.0,2567.0,2238.0,1879.0,1801.0,1334.0,1096.0,941.0,676.0,432.0,210.0,72.0,14.0,0.0,13109.0,11844.0,2506004,Esperança - PB,851650
112,112,PB,20230,FAGUNDES,20136,16087,4049,2211,3527,20.108263806118394,13.744016908062411,21.92453533909368,1671.0,471.0,2296.0,1642.0,1295.0,1963.0,421.0,309.0,3.0,111.0,166.0,191.0,164.0,198.0,866.0,1051.0,1052.0,1005.0,859.0,794.0,716.0,685.0,565.0,478.0,477.0,327.0,210.0,111.0,32.0,7.0,0.0,5123.0,4945.0,2506103,Fagundes - PB,135441
113,113,PB,20257,FREI MARTINHO,5640,4705,935,333,688,16.578014184397162,7.077577045696068,14.622741764080766,172.0,156.0,692.0,714.0,360.0,509.0,120.0,97.0,0.0,31.0,36.0,42.0,41.0,42.0,194.0,244.0,294.0,304.0,294.0,239.0,199.0,228.0,178.0,139.0,130.0,85.0,66.0,25.0,7.0,2.0,0.0,1399.0,1421.0,2506202,Frei Martinho - PB,38774
114,114,PB,20273,GUARABIRA,85326,71467,13859,14261,12937,16.242411457234606,19.95466439055788,18.10206109113297,2786.0,1775.0,9074.0,10887.0,6132.0,6114.0,3488.0,2407.0,18.0,309.0,464.0,598.0,750.0,806.0,3368.0,4419.0,4265.0,4396.0,4414.0,3874.0,3507.0,3089.0,2419.0,1787.0,1578.0,1055.0,802.0,457.0,220.0,66.0,2.0,23014.0,19649.0,2506301,Guarabira - PB,1489288
115,115,PB,20290,GURINHÉM,22494,18374,4120,3756,3928,18.31599537654485,20.441928812452375,21.37803417873081,1407.0,468.0,3222.0,1573.0,1493.0,2441.0,391.0,252.0,0.0,69.0,98.0,127.0,190.0,239.0,1006.0,1200.0,1107.0,1167.0,1145.0,1017.0,941.0,766.0,604.0,443.0,399.0,329.0,233.0,109.0,49.0,9.0,0.0,5765.0,5482.0,2506400,Gurinhém - PB,201227
116,116,PB,20311,GURJÃO,6242,5269,973,480,880,15.587952579301506,9.109888024293037,16.701461377870565,162.0,172.0,872.0,722.0,463.0,402.0,214.0,114.0,1.0,28.0,41.0,46.0,57.0,55.0,240.0,313.0,295.0,312.0,280.0,256.0,244.0,257.0,205.0,143.0,129.0,81.0,82.0,34.0,18.0,4.0,0.0,1608.0,1513.0,2506509,Gurjão - PB,50413
117,117,PB,20338,IBIARA,11044,8477,2567,837,1359,23.2433900760594,9.873776100035393,16.031614958121978,497.0,186.0,1311.0,543.0,1176.0,1596.0,142.0,71.0,6.0,62.0,66.0,77.0,111.0,105.0,409.0,573.0,526.0,555.0,505.0,484.0,425.0,434.0,345.0,291.0,217.0,174.0,100.0,42.0,11.0,4.0,0.0,2749.0,2773.0,2506608,Ibiara - PB,63597
118,118,PB,20354,IMACULADA,17614,13312,4302,1576,2311,24.42375383217895,11.838942307692308,17.360276442307693,764.0,455.0,2854.0,1453.0,1427.0,1420.0,274.0,160.0,0.0,99.0,156.0,196.0,214.0,193.0,921.0,968.0,869.0,885.0,826.0,713.0,627.0,610.0,418.0,362.0,307.0,206.0,142.0,59.0,30.0,6.0,0.0,4422.0,4385.0,2506707,Imaculada - PB,105988
119,119,PB,20370,INGÁ,29642,23978,5664,3438,4370,19.108022400647727,14.338143298023189,18.225039619651348,1562.0,636.0,4342.0,2926.0,1757.0,2428.0,724.0,446.0,2.0,94.0,181.0,258.0,292.0,318.0,1309.0,1613.0,1515.0,1429.0,1443.0,1213.0,1114.0,1059.0,823.0,764.0,593.0,396.0,244.0,111.0,35.0,13.0,2.0,7699.0,7122.0,2506806,Ingá - PB,270159
120,120,PB,20397,ITABAIANA,37970,31693,6277,6062,6631,16.531472214906508,19.127252074590604,20.92260120531348,1565.0,603.0,3467.0,3937.0,2556.0,4918.0,1164.0,775.0,5.0,115.0,164.0,268.0,257.0,304.0,1417.0,1860.0,1891.0,1850.0,1940.0,1797.0,1614.0,1549.0,1215.0,925.0,807.0,515.0,321.0,121.0,42.0,8.0,0.0,10115.0,8870.0,2506905,Itabaiana - PB,417387
121,121,PB,20419,ITAPORANGA,34286,26911,7375,3204,3855,21.51023741468821,11.905912080561851,14.324997213035562,1215.0,1029.0,3980.0,3876.0,2574.0,2439.0,1355.0,675.0,3.0,171.0,229.0,269.0,327.0,345.0,1381.0,1717.0,1728.0,1767.0,1860.0,1600.0,1266.0,1162.0,949.0,785.0,656.0,407.0,311.0,136.0,60.0,13.0,1.0,8972.0,8171.0,2507002,Itaporanga - PB,445867
122,122,PB,20435,ITAPOROROCA,26412,21904,4508,2657,3337,17.067999394214752,12.130204528853175,15.234660336011688,3490.0,465.0,2949.0,2023.0,1840.0,1634.0,447.0,358.0,3.0,78.0,120.0,167.0,225.0,263.0,1131.0,1433.0,1397.0,1429.0,1347.0,1196.0,1041.0,919.0,658.0,556.0,546.0,365.0,185.0,101.0,41.0,5.0,0.0,6752.0,6454.0,2507101,Itapororoca - PB,261025
123,123,PB,20451,ITATUBA,16912,13975,2937,1905,2608,17.366367076631978,13.631484794275492,18.661896243291597,938.0,388.0,2625.0,1340.0,1023.0,1593.0,343.0,206.0,1.0,79.0,107.0,147.0,150.0,160.0,718.0,880.0,918.0,921.0,822.0,712.0,634.0,564.0,466.0,413.0,338.0,237.0,124.0,49.0,11.0,5.0,0.0,4368.0,4088.0,2507200,Itatuba - PB,211522
124,124,PB,20478,JACARAÚ,27628,21309,6319,2546,3491,22.871724337628493,11.948003191139897,16.382749073161577,1317.0,534.0,3872.0,1901.0,2055.0,3190.0,565.0,380.0,2.0,133.0,162.0,229.0,275.0,235.0,1168.0,1478.0,1385.0,1395.0,1307.0,1170.0,1077.0,1001.0,724.0,627.0,560.0,399.0,286.0,122.0,65.0,14.0,0.0,7062.0,6752.0,2507309,Jacaraú - PB,217258
125,125,PB,20494,JERICÓ,13786,10970,2816,1464,1160,20.426519657623675,13.345487693710115,10.5742935278031,518.0,367.0,1852.0,1271.0,769.0,1588.0,374.0,154.0,0.0,81.0,107.0,109.0,136.0,138.0,546.0,709.0,660.0,653.0,650.0,573.0,482.0,567.0,418.0,380.0,292.0,189.0,149.0,40.0,10.0,4.0,0.0,3616.0,3277.0,2507408,Jericó - PB,95979
126,126,PB,20516,JOÃO PESSOA,1118410,955532,162878,129052,160379,14.56335333196234,13.505774793518166,16.7842625887987,9443.0,27702.0,92702.0,168382.0,77798.0,22676.0,104326.0,56176.0,46.0,2878.0,4753.0,7751.0,8675.0,9223.0,41212.0,56019.0,57503.0,61595.0,60965.0,51420.0,46856.0,44117.0,35339.0,27364.0,20554.0,12584.0,6474.0,2773.0,897.0,195.0,12.0,310223.0,248982.0,2507507,João Pessoa - PB,28442131
127,127,PB,20532,JUAREZ TÁVORA,14810,12336,2474,1844,2166,16.704929101958136,14.948119325551232,17.558365758754864,782.0,249.0,2249.0,1194.0,1038.0,1410.0,305.0,178.0,0.0,75.0,100.0,139.0,153.0,153.0,686.0,830.0,795.0,779.0,731.0,638.0,549.0,550.0,385.0,258.0,217.0,178.0,119.0,45.0,22.0,3.0,0.0,3741.0,3664.0,2507606,Juarez Távora - PB,93223
128,128,PB,20559,JUAZEIRINHO,26586,21418,5168,3384,4271,19.438802377191003,15.799794565318892,19.94117097768232,952.0,470.0,5008.0,1673.0,1636.0,2855.0,400.0,299.0,6.0,89.0,191.0,241.0,254.0,296.0,1205.0,1490.0,1427.0,1509.0,1318.0,1153.0,886.0,834.0,662.0,521.0,468.0,318.0,226.0,119.0,47.0,32.0,1.0,6880.0,6413.0,2507705,Juazeirinho - PB,259622
129,129,PB,20575,JUNCO DO SERIDÓ,11366,9403,1963,1162,1586,17.270807672004224,12.357758162288633,16.866957354035947,363.0,223.0,1636.0,1179.0,942.0,859.0,305.0,176.0,0.0,55.0,75.0,105.0,107.0,115.0,421.0,601.0,576.0,633.0,589.0,487.0,406.0,399.0,311.0,265.0,240.0,138.0,101.0,43.0,12.0,4.0,0.0,2888.0,2795.0,2507804,Junco do Seridó - PB,128192
130,130,PB,20591,JURIPIRANGA,19490,16402,3088,2083,2915,15.844022575679835,12.699670771857091,17.772222899646383,1015.0,342.0,2075.0,1938.0,1673.0,2023.0,442.0,237.0,2.0,100.0,137.0,189.0,164.0,223.0,921.0,1081.0,1065.0,1068.0,1077.0,819.0,704.0,623.0,465.0,378.0,299.0,225.0,136.0,46.0,21.0,2.0,0.0,5025.0,4720.0,2507903,Juripiranga - PB,150461
131,131,PB,20613,JURU,15464,12087,3377,1233,2408,21.83781686497672,10.201042442293373,19.92223049557376,912.0,366.0,2399.0,1089.0,903.0,1656.0,250.0,157.0,1.0,96.0,105.0,149.0,152.0,140.0,592.0,757.0,681.0,716.0,721.0,665.0,615.0,574.0,461.0,426.0,330.0,240.0,167.0,98.0,35.0,11.0,0.0,3946.0,3786.0,2508000,Juru - PB,111022
132,132,PB,20630,LAGOA,9558,7369,2189,584,1006,22.90228081188533,7.925091599945719,13.651784502646224,368.0,212.0,1206.0,784.0,659.0,1278.0,157.0,115.0,3.0,55.0,64.0,78.0,86.0,96.0,353.0,478.0,462.0,498.0,451.0,438.0,349.0,348.0,272.0,222.0,199.0,145.0,117.0,51.0,10.0,3.0,1.0,2429.0,2350.0,2508109,Lagoa - PB,65991
133,133,PB,20656,LAGOA DE DENTRO,14460,11227,3233,1341,1786,22.3582295988935,11.944419702502897,15.908078738754789,568.0,328.0,2502.0,1270.0,1092.0,966.0,336.0,168.0,3.0,71.0,99.0,137.0,124.0,156.0,630.0,827.0,707.0,714.0,632.0,567.0,587.0,543.0,377.0,342.0,267.0,210.0,145.0,57.0,25.0,9.0,1.0,3699.0,3531.0,2508208,Lagoa de Dentro - PB,104437
134,134,PB,20672,LAGOA SECA,41286,35397,5889,7171,8506,14.263915128615029,20.258778992569997,24.03028505240557,1217.0,1080.0,6115.0,3895.0,3159.0,3821.0,736.0,620.0,3.0,148.0,221.0,302.0,397.0,404.0,1633.0,2267.0,2161.0,2153.0,2137.0,1882.0,1705.0,1459.0,1122.0,899.0,760.0,548.0,275.0,116.0,38.0,13.0,0.0,10820.0,9823.0,2508307,Lagoa Seca - PB,416794
135,135,PB,20699,LASTRO,8486,6988,1498,798,789,17.652604289417866,11.419576416714367,11.290784201488266,380.0,201.0,1114.0,686.0,608.0,963.0,167.0,124.0,1.0,40.0,50.0,69.0,90.0,101.0,350.0,453.0,429.0,481.0,453.0,368.0,277.0,272.0,222.0,180.0,173.0,119.0,79.0,27.0,9.0,0.0,0.0,2080.0,2163.0,2508406,Lastro - PB,37248
136,136,PB,20710,LIVRAMENTO,11680,9210,2470,1284,1766,21.14726027397261,13.941368078175897,19.17480998914224,317.0,269.0,2331.0,941.0,873.0,665.0,305.0,139.0,2.0,49.0,90.0,95.0,111.0,140.0,510.0,582.0,557.0,619.0,573.0,501.0,383.0,417.0,302.0,280.0,240.0,161.0,120.0,68.0,28.0,12.0,0.0,3048.0,2792.0,2508505,Livramento - PB,83602
137,137,PB,20737,LUCENA,24852,19942,4910,2974,3293,19.75696121036536,14.913248420419215,16.51288737338281,849.0,555.0,3791.0,2512.0,1966.0,1659.0,660.0,434.0,2.0,86.0,152.0,223.0,249.0,244.0,1144.0,1365.0,1235.0,1288.0,1302.0,1174.0,1027.0,845.0,710.0,530.0,403.0,224.0,130.0,68.0,17.0,7.0,1.0,6341.0,6085.0,2508604,Lucena - PB,279944
138,138,PB,20753,MÃE D'ÁGUA,7544,6170,1374,425,742,18.213149522799576,6.888168557536467,12.025931928687196,279.0,192.0,1148.0,652.0,539.0,612.0,232.0,118.0,2.0,39.0,45.0,71.0,64.0,63.0,262.0,365.0,380.0,419.0,350.0,329.0,277.0,291.0,217.0,200.0,144.0,108.0,81.0,39.0,21.0,5.0,0.0,1916.0,1856.0,2508703,Mãe d'Água - PB,45505
139,139,PB,20770,MALTA,10362,8219,2143,1036,1182,20.68133564948852,12.604939773695095,14.38131159508456,630.0,289.0,1341.0,963.0,778.0,708.0,304.0,168.0,0.0,44.0,61.0,82.0,98.0,109.0,458.0,518.0,469.0,530.0,500.0,449.0,396.0,381.0,330.0,249.0,220.0,144.0,83.0,40.0,16.0,4.0,0.0,2664.0,2517.0,2508802,Malta - PB,77516
140,140,PB,20796,MAMANGUAPE,65180,53830,11350,8897,9338,17.41331696839521,16.527958387516257,17.347204161248374,5209.0,1269.0,7374.0,5373.0,5120.0,5799.0,1324.0,1122.0,7.0,221.0,371.0,468.0,585.0,652.0,2788.0,3772.0,3365.0,3473.0,3312.0,2871.0,2613.0,2350.0,1698.0,1423.0,1139.0,726.0,428.0,216.0,77.0,34.0,1.0,17081.0,15509.0,2508901,Mamanguape - PB,1086800
141,141,PB,20818,MANAÍRA,17324,13646,3678,1139,2602,21.23066266451166,8.346768283746153,19.067858713176022,800.0,355.0,2728.0,1082.0,1170.0,2011.0,346.0,170.0,4.0,115.0,150.0,186.0,159.0,151.0,733.0,886.0,962.0,887.0,844.0,678.0,623.0,623.0,451.0,338.0,316.0,252.0,176.0,86.0,26.0,14.0,2.0,4334.0,4328.0,2509008,Manaíra - PB,110034
142,142,PB,20834,MARI,34324,29232,5092,4076,5411,14.835100804102089,13.943623426382048,18.510536398467437,1948.0,753.0,4189.0,3169.0,2291.0,3574.0,718.0,520.0,1.0,168.0,202.0,297.0,340.0,339.0,1417.0,1750.0,1735.0,1776.0,1772.0,1555.0,1379.0,1278.0,983.0,818.0,720.0,379.0,175.0,63.0,12.0,3.0,0.0,8946.0,8216.0,2509107,Mari - PB,303052
143,143,PB,20850,MASSARANDUBA,23440,19545,3895,3824,4795,16.616894197952217,19.565106165259657,24.533128677411103,1000.0,537.0,3890.0,1783.0,1855.0,2178.0,255.0,222.0,0.0,61.0,127.0,191.0,247.0,263.0,1042.0,1381.0,1185.0,1156.0,1072.0,1086.0,896.0,804.0,656.0,499.0,410.0,329.0,188.0,89.0,28.0,10.0,0.0,6135.0,5585.0,2509206,Massaranduba - PB,196173
144,144,PB,20877,MATARACA,16982,13015,3967,2194,2627,23.360028265222,16.85747214752209,20.18440261237034,1242.0,373.0,2866.0,1160.0,1406.0,943.0,276.0,225.0,1.0,59.0,66.0,158.0,190.0,187.0,883.0,1076.0,996.0,984.0,833.0,767.0,616.0,496.0,363.0,295.0,230.0,168.0,82.0,28.0,11.0,2.0,0.0,4136.0,4355.0,2509305,Mataraca - PB,231046
145,145,PB,20893,MOGEIRO,21358,17585,3773,2440,3460,17.665511752036707,13.875462041512652,19.67586010804663,1038.0,388.0,2225.0,2077.0,1646.0,2758.0,314.0,233.0,0.0,66.0,115.0,160.0,183.0,219.0,974.0,1190.0,1184.0,1217.0,1060.0,894.0,829.0,719.0,590.0,464.0,385.0,248.0,119.0,43.0,15.0,4.0,1.0,5501.0,5178.0,2509404,Mogeiro - PB,220317
146,146,PB,20915,MONTADAS,9726,8307,1419,1363,1723,14.58975940777298,16.407848802215,20.741543276754545,245.0,257.0,1598.0,884.0,756.0,778.0,219.0,126.0,2.0,52.0,64.0,96.0,104.0,99.0,458.0,512.0,491.0,509.0,484.0,435.0,350.0,318.0,240.0,201.0,201.0,130.0,71.0,30.0,10.0,6.0,0.0,2445.0,2418.0,2509503,Montadas - PB,68335
147,147,PB,20931,MONTE HOREBE,7988,6099,1889,393,940,23.647971957936907,6.443679291687161,15.412362682406952,275.0,181.0,1281.0,694.0,493.0,725.0,192.0,153.0,1.0,28.0,54.0,60.0,77.0,58.0,340.0,425.0,428.0,432.0,399.0,352.0,296.0,259.0,208.0,182.0,178.0,95.0,84.0,25.0,13.0,0.0,0.0,2049.0,1945.0,2509602,Monte Horebe - PB,59800
148,148,PB,20958,MONTEIRO,51582,42518,9064,6729,7507,17.572021247722073,15.826238299073331,17.656051554635685,1881.0,1303.0,6346.0,5383.0,4229.0,4172.0,1499.0,978.0,2.0,229.0,314.0,403.0,454.0,433.0,2024.0,2677.0,2397.0,2542.0,2500.0,2314.0,2081.0,1970.0,1548.0,1306.0,1074.0,711.0,504.0,216.0,75.0,16.0,1.0,13540.0,12251.0,2509701,Monteiro - PB,842417
149,149,PB,20974,MULUNGU,17814,14921,2893,1846,2347,16.240035926799145,12.3718249447088,15.729508746062596,875.0,471.0,2383.0,1658.0,1138.0,1819.0,394.0,169.0,0.0,93.0,105.0,144.0,181.0,172.0,703.0,890.0,867.0,963.0,990.0,813.0,717.0,643.0,505.0,400.0,303.0,206.0,138.0,52.0,18.0,4.0,0.0,4584.0,4323.0,2509800,Mulungu - PB,111589
150,150,PB,20990,NATUBA,13182,10779,2403,1493,2517,18.22940373236231,13.8510065868819,23.350960200389647,872.0,303.0,1481.0,1051.0,1124.0,1302.0,316.0,142.0,6.0,92.0,100.0,126.0,154.0,140.0,591.0,664.0,629.0,687.0,614.0,553.0,462.0,428.0,388.0,302.0,291.0,166.0,109.0,60.0,25.0,4.0,0.0,3490.0,3101.0,2509909,Natuba - PB,116149
151,151,PB,21016,NAZAREZINHO,13680,11472,2208,1021,1515,16.140350877192983,8.899930264993026,13.206066945606697,608.0,360.0,2054.0,978.0,985.0,1460.0,256.0,139.0,1.0,89.0,108.0,130.0,142.0,125.0,547.0,660.0,606.0,698.0,715.0,602.0,476.0,504.0,372.0,351.0,305.0,203.0,139.0,43.0,18.0,6.0,0.0,3327.0,3513.0,2510006,Nazarezinho - PB,81441
152,152,PB,21032,NOVA FLORESTA,16000,12715,3285,1555,3222,20.53125,12.229650019661817,25.34014942980731,693.0,247.0,2232.0,1542.0,1094.0,1440.0,436.0,316.0,2.0,76.0,119.0,132.0,149.0,173.0,684.0,847.0,791.0,767.0,698.0,714.0,588.0,592.0,409.0,364.0,320.0,239.0,178.0,113.0,39.0,6.0,0.0,4230.0,3770.0,2510105,Nova Floresta - PB,114955
153,153,PB,21059,NOVA OLINDA,11106,7894,3212,894,1325,28.92130379974788,11.325057005320495,16.784899923992906,388.0,312.0,1787.0,677.0,861.0,1258.0,185.0,85.0,1.0,65.0,82.0,110.0,119.0,107.0,517.0,634.0,581.0,564.0,476.0,445.0,383.0,376.0,315.0,251.0,212.0,163.0,87.0,40.0,20.0,5.0,0.0,2783.0,2770.0,2510204,Nova Olinda - PB,69482
154,154,PB,21075,NOVA PALMEIRA,6764,5913,851,721,1005,12.581312832643407,12.193472010823609,16.996448503297817,250.0,177.0,695.0,650.0,475.0,807.0,190.0,138.0,0.0,31.0,39.0,48.0,58.0,65.0,278.0,314.0,315.0,367.0,361.0,300.0,265.0,260.0,194.0,158.0,143.0,96.0,67.0,18.0,3.0,2.0,0.0,1706.0,1676.0,2510303,Nova Palmeira - PB,54633
155,155,PB,21091,OLHO D'ÁGUA,13998,10786,3212,987,1572,22.946135162166023,9.150750973484149,14.574448358983869,681.0,316.0,2038.0,1115.0,1137.0,1273.0,258.0,181.0,1.0,64.0,92.0,117.0,138.0,153.0,642.0,726.0,738.0,733.0,651.0,568.0,490.0,479.0,408.0,378.0,272.0,163.0,109.0,54.0,20.0,3.0,0.0,3567.0,3432.0,2510402,Olho d'Água - PB,76534
156,156,PB,21113,OLIVEDOS,7898,6573,1325,814,1248,16.776399088376802,12.383995131598963,18.98676403468736,214.0,203.0,832.0,817.0,699.0,872.0,189.0,123.0,2.0,39.0,69.0,72.0,81.0,97.0,344.0,411.0,385.0,364.0,391.0,331.0,299.0,284.0,221.0,161.0,138.0,93.0,93.0,51.0,18.0,5.0,0.0,1958.0,1991.0,2510501,Olivedos - PB,53270
157,157,PB,21130,OURO VELHO,5818,4988,830,361,667,14.26607081471296,7.237369687249398,13.372093023255813,213.0,148.0,795.0,685.0,400.0,419.0,161.0,88.0,0.0,23.0,37.0,43.0,41.0,46.0,197.0,262.0,304.0,293.0,290.0,258.0,236.0,245.0,222.0,138.0,112.0,55.0,63.0,29.0,10.0,4.0,1.0,1530.0,1379.0,2510600,Ouro Velho - PB,47542
158,158,PB,21156,PASSAGEM,5304,4160,1144,295,500,21.568627450980397,7.091346153846153,12.01923076923077,257.0,160.0,562.0,630.0,359.0,467.0,135.0,82.0,1.0,28.0,29.0,49.0,61.0,47.0,214.0,263.0,296.0,290.0,261.0,252.0,180.0,175.0,153.0,122.0,94.0,59.0,48.0,23.0,6.0,1.0,0.0,1336.0,1316.0,2510709,Passagem - PB,35352
159,159,PB,21172,PATOS,133960,110646,23314,18690,19803,17.403702597790385,16.89170869258717,17.89761943495472,3592.0,3494.0,13467.0,19823.0,8025.0,7642.0,7095.0,3842.0,9.0,510.0,725.0,956.0,1070.0,1163.0,5172.0,6711.0,6677.0,7161.0,7057.0,6086.0,5405.0,4922.0,3834.0,3271.0,2615.0,1702.0,1198.0,477.0,208.0,46.0,5.0,36835.0,30145.0,2510808,Patos - PB,2555214
160,160,PB,21199,PAULISTA,19820,16298,3522,1434,2126,17.769929364278507,8.798625598232912,13.044545342986869,948.0,368.0,2803.0,1461.0,1357.0,2212.0,437.0,324.0,2.0,100.0,126.0,165.0,163.0,157.0,702.0,927.0,951.0,1075.0,955.0,892.0,739.0,798.0,634.0,538.0,441.0,277.0,165.0,75.0,19.0,9.0,0.0,5102.0,4808.0,2510907,Paulista - PB,200281
161,161,PB,21210,PEDRA BRANCA,7884,5998,1886,522,740,23.921867072552004,8.702900966988997,12.337445815271757,291.0,222.0,864.0,796.0,716.0,725.0,197.0,131.0,0.0,51.0,53.0,89.0,84.0,95.0,316.0,443.0,394.0,412.0,361.0,352.0,284.0,261.0,206.0,184.0,146.0,91.0,63.0,33.0,18.0,6.0,0.0,2031.0,1911.0,2511004,Pedra Branca - PB,48602
162,162,PB,21237,PEDRA LAVRADA,11902,10140,1762,1157,1879,14.804234582423122,11.41025641025641,18.530571992110453,405.0,298.0,1528.0,1053.0,812.0,1317.0,319.0,219.0,0.0,64.0,63.0,101.0,106.0,110.0,459.0,510.0,565.0,624.0,589.0,513.0,440.0,486.0,353.0,280.0,293.0,200.0,120.0,48.0,18.0,9.0,0.0,3014.0,2937.0,2511103,Pedra Lavrada - PB,94715
163,163,PB,21253,PEDRAS DE FOGO,47432,39119,8313,7184,6628,17.526142688480352,18.36447761957105,16.943173394002915,2367.0,813.0,6799.0,3381.0,4148.0,4828.0,792.0,588.0,3.0,114.0,239.0,336.0,390.0,411.0,2078.0,2781.0,2597.0,2664.0,2621.0,2122.0,1841.0,1599.0,1198.0,937.0,779.0,498.0,294.0,161.0,42.0,11.0,0.0,12335.0,11381.0,2511202,Pedras de Fogo - PB,836969
164,164,PB,21270,PIANCÓ,25430,20221,5209,2221,3223,20.483680692095948,10.983630878789375,15.93887542653677,1137.0,579.0,3007.0,2493.0,2190.0,2179.0,712.0,418.0,10.0,131.0,166.0,211.0,206.0,251.0,920.0,1225.0,1146.0,1237.0,1215.0,1128.0,1004.0,960.0,774.0,677.0,535.0,406.0,294.0,119.0,81.0,18.0,1.0,6824.0,5891.0,2511301,Piancó - PB,246685
165,165,PB,21296,PICUÍ,29576,24750,4826,2684,4185,16.317284284555043,10.844444444444443,16.90909090909091,1275.0,746.0,3651.0,2933.0,2271.0,2547.0,795.0,570.0,0.0,132.0,189.0,235.0,280.0,268.0,1230.0,1578.0,1473.0,1512.0,1397.0,1317.0,1148.0,1075.0,859.0,702.0,612.0,374.0,262.0,95.0,39.0,10.0,1.0,7700.0,7088.0,2511400,Picuí - PB,270316
166,166,PB,21318,PILAR,19778,16793,2985,2640,3236,15.092527050257862,15.72083606264515,19.269933901030196,1071.0,350.0,2901.0,1743.0,1206.0,1910.0,435.0,273.0,5.0,67.0,99.0,115.0,158.0,178.0,794.0,1122.0,1074.0,972.0,1057.0,913.0,826.0,660.0,516.0,443.0,389.0,227.0,154.0,80.0,29.0,11.0,0.0,5087.0,4802.0,2511509,Pilar - PB,158901
167,167,PB,21334,PILÕES,13886,10884,3002,2166,2017,21.61889673051995,19.90077177508269,18.531789783167955,1015.0,269.0,2045.0,921.0,988.0,1290.0,248.0,167.0,9.0,66.0,85.0,108.0,117.0,141.0,607.0,745.0,842.0,805.0,684.0,597.0,460.0,415.0,358.0,292.0,240.0,162.0,106.0,69.0,26.0,8.0,1.0,3561.0,3382.0,2511608,Pilões - PB,133896
168,168,PB,21350,PILÕEZINHOS,10528,8616,1912,1624,1749,18.16109422492401,18.848653667595173,20.299442896935933,675.0,205.0,1205.0,933.0,870.0,1111.0,172.0,93.0,2.0,62.0,84.0,88.0,95.0,98.0,449.0,571.0,590.0,588.0,544.0,432.0,380.0,330.0,266.0,249.0,191.0,103.0,78.0,41.0,19.0,4.0,0.0,2658.0,2606.0,2511707,Pilõezinhos - PB,64516
169,169,PB,21377,PIRPIRITUBA,15402,12488,2914,2411,2538,18.919620828463835,19.306534272901985,20.32351057014734,698.0,308.0,2112.0,1520.0,1179.0,1382.0,336.0,166.0,1.0,72.0,74.0,143.0,143.0,143.0,628.0,782.0,801.0,773.0,743.0,667.0,605.0,575.0,440.0,365.0,311.0,190.0,135.0,71.0,33.0,6.0,0.0,3965.0,3736.0,2511806,Pirpirituba - PB,120990
170,170,PB,21393,PITIMBU,24086,19776,4310,2952,3172,17.894212405546792,14.927184466019416,16.039644012944983,934.0,469.0,3168.0,2758.0,2396.0,1458.0,516.0,344.0,1.0,76.0,153.0,250.0,231.0,255.0,1117.0,1216.0,1298.0,1306.0,1340.0,1130.0,958.0,816.0,662.0,488.0,363.0,199.0,110.0,49.0,19.0,6.0,0.0,6213.0,5830.0,2511905,Pitimbu - PB,479172
171,171,PB,21415,POCINHOS,28110,23378,4732,3716,5258,16.833866951262895,15.895286166481307,22.491231071947983,1101.0,651.0,3948.0,2511.0,1866.0,2838.0,673.0,467.0,2.0,124.0,185.0,251.0,285.0,255.0,1170.0,1446.0,1297.0,1442.0,1411.0,1230.0,1110.0,976.0,773.0,659.0,562.0,400.0,270.0,138.0,57.0,11.0,1.0,7284.0,6771.0,2512002,Pocinhos - PB,334112
172,172,PB,21431,POMBAL,50328,40469,9859,3340,5314,19.5894929264028,8.253230868071858,13.131038572734685,1837.0,1076.0,6120.0,4338.0,3922.0,4942.0,1866.0,1063.0,6.0,297.0,346.0,358.0,415.0,433.0,1776.0,2366.0,2370.0,2473.0,2456.0,2174.0,2011.0,1898.0,1570.0,1277.0,1159.0,790.0,595.0,270.0,104.0,20.0,0.0,13593.0,11571.0,2512101,Pombal - PB,594290
173,173,PB,21458,PRATA,8074,6654,1420,806,1033,17.58731731483775,12.113014727983169,15.524496543432525,261.0,177.0,1220.0,758.0,556.0,620.0,261.0,184.0,0.0,49.0,61.0,64.0,62.0,79.0,307.0,406.0,427.0,410.0,410.0,326.0,296.0,300.0,240.0,203.0,149.0,119.0,71.0,41.0,14.0,3.0,0.0,1996.0,2041.0,2512200,Prata - PB,83660
174,174,PB,21474,PRINCESA ISABEL,32274,25525,6749,3527,4391,20.91156968457582,13.817825661116553,17.202742409402546,1085.0,712.0,4506.0,2917.0,2371.0,3149.0,876.0,521.0,3.0,187.0,233.0,256.0,285.0,333.0,1411.0,1675.0,1645.0,1613.0,1634.0,1383.0,1223.0,1068.0,854.0,761.0,546.0,475.0,302.0,171.0,67.0,12.0,0.0,8583.0,7554.0,2512309,Princesa Isabel - PB,343379
175,175,PB,21490,PUXINANÃ,24032,20786,3246,3696,4727,13.50699067909454,17.78119888386414,22.741268161262383,720.0,588.0,3928.0,2271.0,1808.0,2056.0,388.0,257.0,3.0,93.0,145.0,180.0,205.0,239.0,1099.0,1226.0,1250.0,1273.0,1162.0,1029.0,918.0,806.0,676.0,563.0,493.0,291.0,206.0,102.0,44.0,13.0,0.0,6335.0,5681.0,2512408,Puxinanã - PB,189387
176,176,PB,21512,QUEIMADAS,69490,58611,10879,12355,14097,15.655489998560943,21.07966081452287,24.05179915033014,4591.0,1825.0,6570.0,6519.0,5092.0,7225.0,1613.0,1310.0,17.0,231.0,365.0,575.0,636.0,652.0,3049.0,3963.0,3780.0,3539.0,3186.0,2913.0,2697.0,2459.0,1862.0,1455.0,1367.0,904.0,595.0,310.0,140.0,50.0,0.0,18118.0,16627.0,2512507,Queimadas - PB,788732
177,177,PB,21539,QUIXABA,4576,3890,686,467,650,14.991258741258742,12.005141388174808,16.709511568123396,207.0,121.0,536.0,550.0,354.0,324.0,135.0,61.0,1.0,24.0,21.0,45.0,49.0,39.0,173.0,235.0,192.0,248.0,229.0,232.0,207.0,185.0,108.0,86.0,83.0,58.0,42.0,21.0,7.0,3.0,0.0,1125.0,1163.0,2512606,Quixaba - PB,30647
178,178,PB,21555,REMÍGIO,28414,22866,5548,2902,3904,19.525585978742875,12.691332108807837,17.073384063675327,1359.0,612.0,4436.0,2359.0,2007.0,1949.0,852.0,633.0,3.0,143.0,195.0,251.0,274.0,283.0,1258.0,1407.0,1446.0,1457.0,1399.0,1144.0,1022.0,962.0,818.0,608.0,574.0,405.0,309.0,179.0,63.0,7.0,0.0,7600.0,6607.0,2512705,Remígio - PB,224366
179,179,PB,21571,RIACHO DOS CAVALOS,15274,13018,2256,2055,1789,14.770197721618436,15.7858349976955,13.742510370256566,796.0,414.0,1964.0,1065.0,1026.0,1957.0,303.0,112.0,0.0,61.0,88.0,124.0,125.0,142.0,610.0,738.0,814.0,818.0,775.0,632.0,590.0,585.0,496.0,375.0,301.0,184.0,123.0,42.0,12.0,2.0,0.0,3831.0,3806.0,2512804,Riacho dos Cavalos - PB,111761
180,180,PB,21598,RIO TINTO,36402,31517,4885,4547,5513,13.419592330091753,14.427134562299711,17.492147095218456,1102.0,935.0,4001.0,4370.0,2290.0,3563.0,1111.0,829.0,0.0,147.0,199.0,262.0,302.0,338.0,1509.0,1930.0,1861.0,1890.0,1892.0,1642.0,1485.0,1410.0,1140.0,969.0,719.0,291.0,154.0,43.0,14.0,3.0,1.0,9404.0,8797.0,2512903,Rio Tinto - PB,393104
181,181,PB,21610,SALGADINHO,6566,4986,1580,464,717,24.063356685957967,9.306056959486565,14.380264741275573,238.0,202.0,900.0,464.0,481.0,749.0,125.0,124.0,1.0,46.0,52.0,64.0,76.0,73.0,309.0,389.0,350.0,350.0,348.0,291.0,203.0,181.0,151.0,141.0,105.0,70.0,53.0,23.0,6.0,1.0,0.0,1630.0,1653.0,2513000,Salgadinho - PB,40278
182,182,PB,21636,SALGADO DE SÃO FÉLIX,19360,15650,3710,1873,2874,19.163223140495862,11.968051118210862,18.36421725239617,1046.0,357.0,2064.0,1580.0,1255.0,2766.0,412.0,200.0,2.0,71.0,97.0,132.0,148.0,178.0,799.0,987.0,1025.0,963.0,906.0,788.0,705.0,746.0,584.0,541.0,426.0,301.0,181.0,73.0,19.0,7.0,1.0,4991.0,4689.0,2513109,Salgado de São Félix - PB,177321
183,183,PB,21652,SANTA CRUZ,11178,9292,1886,963,1019,16.872427983539097,10.363753766681016,10.966422729229444,595.0,294.0,1276.0,1085.0,765.0,1162.0,245.0,167.0,0.0,80.0,68.0,65.0,77.0,85.0,346.0,435.0,441.0,517.0,554.0,499.0,433.0,431.0,420.0,343.0,300.0,210.0,160.0,87.0,30.0,8.0,0.0,2800.0,2789.0,2513208,Santa Cruz - PB,74312
184,184,PB,21679,SANTA HELENA,11178,9324,1854,1037,1532,16.586151368760063,11.121836121836122,16.43071643071643,407.0,324.0,1795.0,1122.0,739.0,637.0,331.0,234.0,0.0,54.0,71.0,77.0,98.0,95.0,399.0,558.0,503.0,553.0,518.0,479.0,420.0,453.0,346.0,314.0,285.0,183.0,124.0,49.0,8.0,2.0,0.0,2859.0,2730.0,2513307,Santa Helena - PB,84256
185,185,PB,21695,SANTA LUZIA,23638,19949,3689,3928,3711,15.60622726118961,19.69021003559076,18.60243621234147,792.0,532.0,2769.0,3210.0,1824.0,999.0,1089.0,604.0,1.0,92.0,151.0,204.0,214.0,229.0,901.0,1158.0,1082.0,1163.0,1199.0,1028.0,909.0,921.0,702.0,615.0,533.0,356.0,219.0,102.0,32.0,7.0,1.0,6194.0,5625.0,2513406,Santa Luzia - PB,573425
186,186,PB,21717,SANTANA DE MANGUEIRA,8926,6993,1933,570,1118,21.65583688102173,8.151008151008151,15.987415987415988,447.0,184.0,954.0,568.0,626.0,1437.0,174.0,73.0,5.0,38.0,70.0,100.0,91.0,86.0,374.0,460.0,449.0,439.0,422.0,414.0,320.0,303.0,248.0,206.0,182.0,152.0,65.0,27.0,9.0,3.0,0.0,2212.0,2251.0,2513505,Santana de Mangueira - PB,60940
187,187,PB,21733,SANTANA DOS GARROTES,12564,9479,3085,1017,1674,24.554282075772047,10.728979850195168,17.660090726869925,683.0,250.0,1456.0,1041.0,1033.0,1446.0,234.0,139.0,2.0,90.0,104.0,90.0,114.0,107.0,472.0,586.0,569.0,606.0,514.0,493.0,452.0,500.0,432.0,360.0,310.0,209.0,146.0,73.0,38.0,15.0,0.0,3287.0,2995.0,2513604,Santana dos Garrotes - PB,81502
188,188,PB,21750,SANTA RITA,196788,165962,30826,34030,39412,15.664573043071734,20.50469384557911,23.747604873404757,6723.0,4579.0,25706.0,26487.0,15502.0,11498.0,4191.0,3708.0,5.0,441.0,811.0,1469.0,1617.0,1889.0,8445.0,10728.0,10209.0,10406.0,11053.0,9543.0,8416.0,7093.0,5405.0,4182.0,3225.0,1905.0,977.0,421.0,135.0,18.0,1.0,52197.0,46197.0,2513703,Santa Rita - PB,3163544
189,189,PB,21776,SANTA TERESINHA,11136,9237,1899,1466,1423,17.052801724137932,15.87095377286998,15.405434664934504,483.0,330.0,1298.0,1192.0,802.0,959.0,309.0,195.0,0.0,55.0,71.0,98.0,108.0,116.0,487.0,525.0,503.0,572.0,577.0,531.0,455.0,400.0,311.0,245.0,199.0,154.0,83.0,56.0,16.0,6.0,0.0,2774.0,2794.0,2513802,Santa Teresinha - PB,66909
190,190,PB,21792,SÃO BENTO,54092,44617,9475,3996,5466,17.516453449678327,8.956227446937266,12.250935741981756,2643.0,933.0,7825.0,3563.0,3406.0,6464.0,1242.0,970.0,2.0,278.0,403.0,467.0,461.0,502.0,2248.0,3040.0,2877.0,2979.0,3042.0,2480.0,2069.0,1867.0,1305.0,1092.0,859.0,540.0,359.0,134.0,36.0,6.0,0.0,14185.0,12861.0,2513901,São Bento - PB,724346
191,191,PB,21814,SÃO JOÃO DO CARIRI,8422,6975,1447,626,859,17.18119211588696,8.974910394265233,12.315412186379929,163.0,288.0,1331.0,710.0,639.0,641.0,253.0,186.0,1.0,26.0,37.0,61.0,85.0,84.0,304.0,367.0,402.0,389.0,384.0,353.0,334.0,343.0,270.0,247.0,202.0,126.0,93.0,60.0,34.0,9.0,0.0,2194.0,2017.0,2514008,São João do Cariri - PB,71555
192,192,PB,21830,SÃO JOÃO DO TIGRE,7748,6470,1278,564,1126,16.4945792462571,8.717156105100464,17.40340030911901,353.0,179.0,1433.0,533.0,657.0,543.0,100.0,76.0,1.0,59.0,66.0,70.0,86.0,69.0,377.0,423.0,352.0,368.0,333.0,304.0,299.0,291.0,222.0,197.0,147.0,111.0,66.0,24.0,6.0,3.0,0.0,1879.0,1995.0,2514107,São João do Tigre - PB,51496
193,193,PB,21857,SÃO JOSÉ DA LAGOA TAPADA,13206,10939,2267,1749,1820,17.166439497198244,15.98866441173782,16.63771825578206,1077.0,206.0,1584.0,777.0,813.0,1803.0,211.0,132.0,9.0,104.0,106.0,109.0,127.0,134.0,420.0,660.0,583.0,674.0,638.0,536.0,455.0,485.0,409.0,388.0,329.0,206.0,130.0,68.0,25.0,8.0,0.0,3391.0,3212.0,2514206,São José da Lagoa Tapada - PB,87269
194,194,PB,21873,SÃO JOSÉ DE CAIANA,10680,7900,2780,697,1105,26.02996254681648,8.822784810126583,13.9873417721519,502.0,272.0,1622.0,759.0,821.0,1014.0,218.0,132.0,2.0,73.0,84.0,115.0,106.0,117.0,506.0,605.0,581.0,570.0,520.0,441.0,321.0,338.0,255.0,261.0,193.0,129.0,76.0,28.0,17.0,2.0,0.0,2653.0,2687.0,2514305,São José de Caiana - PB,63973
195,195,PB,21890,SÃO JOSÉ DE ESPINHARAS,8680,7056,1624,720,1035,18.70967741935484,10.20408163265306,14.668367346938776,411.0,246.0,1139.0,895.0,512.0,799.0,218.0,120.0,1.0,50.0,50.0,79.0,68.0,85.0,309.0,392.0,381.0,467.0,420.0,375.0,306.0,368.0,287.0,217.0,191.0,142.0,97.0,41.0,10.0,4.0,0.0,2092.0,2248.0,2514404,São José de Espinharas - PB,66469
196,196,PB,21911,SÃO JOSÉ DE PIRANHAS,30276,24492,5784,3193,4046,19.1042409829568,13.036910011432305,16.519679895476074,980.0,434.0,4562.0,2443.0,1885.0,3338.0,941.0,555.0,0.0,127.0,201.0,226.0,271.0,284.0,1241.0,1554.0,1520.0,1597.0,1480.0,1283.0,1148.0,1103.0,870.0,744.0,628.0,439.0,274.0,113.0,27.0,8.0,0.0,7689.0,7449.0,2514503,São José de Piranhas - PB,289437
197,197,PB,21938,SÃO JOSÉ DO BONFIM,8082,6714,1368,820,1018,16.926503340757236,12.213285671730713,15.162347333929102,288.0,209.0,1097.0,1017.0,545.0,630.0,167.0,88.0,4.0,30.0,54.0,77.0,89.0,70.0,334.0,405.0,395.0,406.0,425.0,389.0,307.0,295.0,211.0,185.0,133.0,107.0,66.0,34.0,18.0,7.0,0.0,2031.0,2010.0,2514602,São José do Bonfim - PB,41022
198,198,PB,21954,SÃO JOSÉ DO SABUGI,8148,7305,843,353,932,10.346097201767304,4.832306639288158,12.75838466803559,206.0,201.0,1105.0,853.0,651.0,674.0,231.0,153.0,1.0,32.0,61.0,64.0,69.0,69.0,312.0,432.0,381.0,411.0,393.0,382.0,329.0,302.0,237.0,210.0,151.0,125.0,75.0,24.0,12.0,2.0,0.0,2021.0,2053.0,2514701,São José do Sabugi - PB,129591
199,199,PB,21970,SÃO JOSÉ DOS CORDEIROS,6928,5578,1350,693,810,19.48614318706697,12.423807816421656,14.521333811401938,220.0,183.0,1069.0,512.0,476.0,824.0,106.0,74.0,1.0,32.0,67.0,55.0,61.0,71.0,282.0,278.0,300.0,351.0,312.0,298.0,252.0,256.0,240.0,194.0,155.0,118.0,81.0,42.0,15.0,3.0,0.0,1727.0,1737.0,2514800,São José dos Cordeiros - PB,44795
200,200,PB,21997,SÃO MAMEDE,14038,11183,2855,1719,1747,20.337654936600654,15.371546096754004,15.621926137887865,428.0,339.0,1788.0,1354.0,1144.0,1234.0,445.0,287.0,0.0,86.0,107.0,116.0,118.0,119.0,463.0,508.0,588.0,681.0,659.0,648.0,548.0,576.0,469.0,435.0,372.0,239.0,162.0,82.0,36.0,7.0,0.0,3618.0,3401.0,2514909,São Mamede - PB,101241
201,201,PB,22012,SÃO MIGUEL DE TAIPU,12180,10294,1886,1512,1677,15.48440065681445,14.688167864775597,16.291043326209444,660.0,218.0,2047.0,1151.0,840.0,835.0,208.0,131.0,5.0,42.0,80.0,130.0,124.0,142.0,521.0,689.0,670.0,666.0,611.0,520.0,469.0,426.0,298.0,235.0,190.0,128.0,98.0,31.0,11.0,4.0,0.0,3118.0,2972.0,2515005,São Miguel de Taipu - PB,122551
202,202,PB,22039,SÃO SEBASTIÃO DE LAGOA DE ROÇA,17558,14144,3414,2512,3608,19.44412803280556,17.760180995475114,25.509049773755656,667.0,424.0,2778.0,1459.0,1156.0,1772.0,285.0,238.0,0.0,57.0,95.0,133.0,148.0,152.0,757.0,858.0,826.0,879.0,913.0,780.0,706.0,618.0,541.0,405.0,348.0,252.0,170.0,89.0,44.0,8.0,0.0,4613.0,4166.0,2515104,São Sebastião de Lagoa de Roça - PB,133993
203,203,PB,22055,SÃO SEBASTIÃO DO UMBUZEIRO,6270,5143,1127,651,831,17.974481658692184,12.657981722729923,16.157884503208244,262.0,174.0,714.0,520.0,509.0,711.0,145.0,100.0,1.0,20.0,39.0,57.0,56.0,55.0,236.0,345.0,289.0,311.0,274.0,250.0,223.0,255.0,181.0,183.0,135.0,88.0,74.0,48.0,12.0,3.0,0.0,1604.0,1531.0,2515203,São Sebastião do Umbuzeiro - PB,46472
204,204,PB,22071,SAPÉ,72286,60492,11794,10666,11513,16.31574578756606,17.632083581300005,19.032268729749383,4409.0,1546.0,8464.0,7202.0,4737.0,6689.0,1820.0,1276.0,1.0,183.0,343.0,497.0,625.0,708.0,3018.0,3907.0,3774.0,3907.0,3743.0,3247.0,2940.0,2568.0,2028.0,1755.0,1395.0,844.0,423.0,179.0,46.0,9.0,3.0,19077.0,17066.0,2515302,Sapé - PB,852471
205,205,PB,22098,SÃO VICENTE DO SERIDÓ,17912,14232,3680,2239,2572,20.54488610987048,15.732152894884766,18.07195053400787,660.0,372.0,2750.0,1277.0,1638.0,1806.0,274.0,179.0,5.0,87.0,140.0,152.0,198.0,214.0,839.0,1094.0,1046.0,918.0,816.0,695.0,587.0,548.0,417.0,352.0,320.0,200.0,189.0,71.0,52.0,16.0,0.0,4510.0,4446.0,2515401,São Vicente do Seridó - PB,112003
206,206,PB,22110,SERRA BRANCA,20864,16955,3909,2255,2888,18.73562116564417,13.299911530521973,17.03332350339133,494.0,512.0,2785.0,2332.0,1390.0,1769.0,668.0,482.0,1.0,79.0,120.0,174.0,165.0,170.0,716.0,949.0,967.0,967.0,931.0,900.0,807.0,846.0,687.0,593.0,474.0,346.0,289.0,160.0,71.0,20.0,0.0,5498.0,4934.0,2515500,Serra Branca - PB,187052
207,207,PB,22136,SERRA DA RAIZ,6072,4862,1210,546,772,19.92753623188406,11.229946524064172,15.878239407651174,235.0,108.0,762.0,658.0,573.0,440.0,147.0,113.0,0.0,25.0,42.0,63.0,65.0,61.0,240.0,331.0,337.0,312.0,303.0,265.0,244.0,203.0,163.0,115.0,111.0,78.0,47.0,27.0,3.0,1.0,0.0,1504.0,1532.0,2515609,Serra da Raiz - PB,47507
208,208,PB,22152,SERRA GRANDE,6408,4897,1511,385,528,23.579900124843945,7.861956299775373,10.782111496834796,252.0,199.0,791.0,508.0,523.0,669.0,164.0,98.0,4.0,52.0,46.0,56.0,79.0,48.0,257.0,398.0,338.0,351.0,332.0,247.0,202.0,191.0,184.0,135.0,113.0,83.0,47.0,19.0,16.0,6.0,0.0,1584.0,1620.0,2515708,Serra Grande - PB,40406
209,209,PB,22179,SERRA REDONDA,12356,10395,1961,1193,1982,15.87083198446099,11.476671476671475,19.066859066859067,582.0,240.0,2057.0,1172.0,723.0,1024.0,223.0,157.0,1.0,30.0,68.0,81.0,92.0,108.0,521.0,646.0,589.0,637.0,541.0,527.0,455.0,476.0,415.0,330.0,233.0,185.0,128.0,66.0,38.0,11.0,0.0,3243.0,2935.0,2515807,Serra Redonda - PB,74715
210,210,PB,22195,SERRARIA,8778,6750,2028,957,1279,23.103212576896787,14.177777777777775,18.948148148148142,596.0,158.0,1190.0,738.0,540.0,796.0,232.0,139.0,0.0,43.0,53.0,72.0,86.0,98.0,366.0,465.0,401.0,412.0,381.0,367.0,339.0,304.0,280.0,230.0,174.0,134.0,122.0,49.0,10.0,3.0,0.0,2251.0,2138.0,2515906,Serraria - PB,79579
211,211,PB,22217,SOLÂNEA,42790,34156,8634,5219,6111,20.17761159149334,15.279892259046726,17.89143927860405,2222.0,973.0,4954.0,3241.0,2954.0,4894.0,1300.0,857.0,5.0,201.0,293.0,373.0,438.0,437.0,1867.0,2071.0,1995.0,2085.0,2041.0,1733.0,1579.0,1510.0,1274.0,1106.0,876.0,684.0,468.0,245.0,92.0,22.0,0.0,11570.0,9825.0,2516003,Solânea - PB,428475
212,212,PB,22233,SOLEDADE,22354,18524,3830,3305,4257,17.133398944260534,17.84171885122004,22.98099762470309,618.0,532.0,3592.0,2021.0,1444.0,2058.0,537.0,375.0,2.0,88.0,123.0,170.0,204.0,225.0,866.0,1197.0,1103.0,1101.0,1154.0,980.0,862.0,766.0,648.0,533.0,427.0,333.0,220.0,120.0,40.0,15.0,0.0,5779.0,5398.0,2516102,Soledade - PB,319643
213,213,PB,22250,SOUSA,93324,79272,14052,14511,11061,15.057220007715058,18.3053284892522,13.95322434150772,3721.0,2327.0,11295.0,9574.0,6615.0,6950.0,3721.0,2459.0,8.0,354.0,559.0,718.0,768.0,871.0,3479.0,4328.0,4375.0,4753.0,5087.0,4505.0,3718.0,3660.0,2717.0,2242.0,1851.0,1281.0,928.0,318.0,116.0,25.0,1.0,24863.0,21799.0,2516201,Sousa - PB,1714770
214,214,PB,22276,SUMÉ,27104,22197,4907,2750,3627,18.104338842975206,12.38906158489886,16.340045952155695,1039.0,589.0,3285.0,2692.0,1779.0,2687.0,825.0,656.0,2.0,108.0,165.0,193.0,214.0,216.0,1003.0,1225.0,1318.0,1352.0,1276.0,1210.0,1093.0,1093.0,866.0,675.0,588.0,425.0,318.0,127.0,71.0,13.0,1.0,7103.0,6449.0,2516300,Sumé - PB,255601
215,215,PB,22292,TACIMA,14952,12027,2925,1821,1840,19.562600321027286,15.140932900972812,15.29891078406918,728.0,392.0,1681.0,1384.0,1025.0,1772.0,310.0,184.0,0.0,69.0,85.0,143.0,145.0,144.0,636.0,792.0,745.0,717.0,777.0,694.0,559.0,584.0,380.0,317.0,307.0,217.0,109.0,41.0,15.0,0.0,0.0,3721.0,3755.0,2516409,Tacima - PB,106670
216,216,PB,22314,TAPEROÁ,22062,16981,5081,2529,3648,23.03055026742816,14.893115835345386,21.48283375537365,816.0,538.0,3568.0,1610.0,1420.0,2106.0,623.0,350.0,2.0,97.0,132.0,153.0,178.0,219.0,880.0,1185.0,1091.0,1170.0,1037.0,895.0,765.0,794.0,591.0,543.0,487.0,333.0,267.0,138.0,54.0,19.0,1.0,5763.0,5268.0,2516508,Taperoá - PB,169781
217,217,PB,22330,TAVARES,23110,17345,5765,2580,3325,24.94591086109909,14.874603632170654,19.16978956471605,977.0,671.0,3399.0,1555.0,1686.0,2648.0,411.0,208.0,1.0,132.0,199.0,262.0,221.0,235.0,988.0,1239.0,1141.0,1120.0,1079.0,942.0,845.0,813.0,585.0,532.0,458.0,336.0,243.0,121.0,50.0,12.0,1.0,5967.0,5588.0,2516607,Tavares - PB,167333
218,218,PB,22357,TEIXEIRA,23396,18988,4408,3536,3377,18.840827491878954,18.622287760690963,17.784916789551293,714.0,443.0,3152.0,2410.0,1943.0,2067.0,598.0,371.0,0.0,117.0,193.0,189.0,238.0,244.0,1056.0,1263.0,1254.0,1263.0,1170.0,1003.0,836.0,767.0,595.0,538.0,426.0,259.0,153.0,94.0,28.0,11.0,1.0,6180.0,5518.0,2516706,Teixeira - PB,222479
219,219,PB,22373,TRIUNFO,14840,11782,3058,1219,1874,20.60646900269542,10.34629095230012,15.905618740451535,594.0,417.0,2386.0,1409.0,1016.0,1069.0,337.0,192.0,2.0,91.0,103.0,130.0,150.0,122.0,612.0,768.0,793.0,765.0,689.0,611.0,523.0,478.0,414.0,427.0,336.0,217.0,131.0,47.0,10.0,1.0,0.0,3769.0,3651.0,2516805,Triunfo - PB,121796
220,220,PB,22390,UIRAÚNA,24012,19974,4038,1367,2534,16.816591704147925,6.843897066186042,12.686492440172223,1522.0,541.0,3000.0,2520.0,1431.0,1320.0,1166.0,506.0,3.0,124.0,156.0,186.0,191.0,198.0,882.0,1157.0,1187.0,1235.0,1128.0,907.0,923.0,914.0,745.0,663.0,581.0,377.0,273.0,126.0,47.0,3.0,0.0,6395.0,5611.0,2516904,Uiraúna - PB,245510
221,221,PB,22411,UMBUZEIRO,13658,11137,2521,2144,2611,18.458046566115097,19.25114483254018,23.444374607165305,637.0,305.0,1673.0,1094.0,1121.0,1452.0,352.0,195.0,0.0,77.0,82.0,109.0,131.0,147.0,613.0,768.0,727.0,736.0,616.0,542.0,508.0,482.0,387.0,303.0,274.0,186.0,85.0,49.0,5.0,2.0,0.0,3500.0,3329.0,2517001,Umbuzeiro - PB,118557
222,222,PB,22438,VÁRZEA,5150,4451,699,514,639,13.57281553398058,11.54796674904516,14.35632442147832,96.0,136.0,548.0,637.0,462.0,301.0,251.0,144.0,0.0,27.0,30.0,46.0,43.0,54.0,197.0,196.0,230.0,278.0,249.0,221.0,185.0,228.0,147.0,141.0,111.0,90.0,67.0,20.0,13.0,2.0,0.0,1322.0,1253.0,2517100,Várzea - PB,46408
